model_id,artifact_role,source,relative_path,bytes,sha256
yolo11n,runtime,ultralytics/yolo11n.pt,weights/yolo/yolo11n.pt,5613764,0ebbc80d4a7680d14987a577cd21342b65ecfd94632bd9a8da63ae6417644ee1
yolo11n_seg,runtime,ultralytics/yolo11n-seg.pt,weights/yolo/yolo11n-seg.pt,6182636,55ed65c56c91713d23e8402371c6c49a6fd84f257f7dce452e8d70e41dcbe152
resnet50,runtime,torchvision/resnet50-11ad3fa6,weights/resnet/resnet50-11ad3fa6.pth,102540417,11ad3fa62ca79e40addfd354a8ec4b7c75143b3038b8d2a807fbc68deab379ca
sam2_1_hiera_tiny,runtime,facebook/sam2.1-hiera-tiny,weights/sam2.1-hiera-tiny/.gitattributes,1519,11ad7efa24975ee4b0c3c3a38ed18737f0658a5f75a0a96787b576a78a023361
sam2_1_hiera_tiny,runtime,facebook/sam2.1-hiera-tiny,weights/sam2.1-hiera-tiny/config.json,5695,860aff9751b139d83a4ad7df1e5535416fded533e0ead02625edbefcb9953cce
sam2_1_hiera_tiny,runtime,facebook/sam2.1-hiera-tiny,weights/sam2.1-hiera-tiny/model.safetensors,155908064,48c14467e5cf9e51870511feb72c89688e82dd74523142c0538b663e193ac2a7
sam2_1_hiera_tiny,runtime,facebook/sam2.1-hiera-tiny,weights/sam2.1-hiera-tiny/preprocessor_config.json,683,6ebf229ee259368ce4a8d4f2fe893a72b053023710853e257253939e601f583d
sam2_1_hiera_tiny,runtime,facebook/sam2.1-hiera-tiny,weights/sam2.1-hiera-tiny/processor_config.json,95,f8a68e865cfad115c1c2763f3d93eca7b1c622da06da2a9273eb437fb2389b6d
sam2_1_hiera_tiny,runtime,facebook/sam2.1-hiera-tiny,weights/sam2.1-hiera-tiny/README.md,19965,dfa401b1b9358b9650ae487dd2f2bb336fd745c3609e3244adf2e97a22343857
sam2_1_hiera_tiny,runtime,facebook/sam2.1-hiera-tiny,weights/sam2.1-hiera-tiny/sam2.1_hiera_t.yaml,3855,43e114f609a1af7efede061f5c186119d498acd31f118f300c07acf57d4a5eca
sam2_1_hiera_tiny,runtime,facebook/sam2.1-hiera-tiny,weights/sam2.1-hiera-tiny/sam2.1_hiera_tiny.pt,156008466,7402e0d864fa82708a20fbd15bc84245c2f26dff0eb43a4b5b93452deb34be69
sam2_1_hiera_tiny,runtime,facebook/sam2.1-hiera-tiny,weights/sam2.1-hiera-tiny/video_preprocessor_config.json,705,9fccfe5f464ec38c2f236d0e6a68e95511c80c22132fc2fa4b9f7b65f24fad95
florence_2_base_ft,runtime,florence-community/Florence-2-base-ft,weights/florence-community-2-base-ft/.gitattributes,1519,11ad7efa24975ee4b0c3c3a38ed18737f0658a5f75a0a96787b576a78a023361
florence_2_base_ft,runtime,florence-community/Florence-2-base-ft,weights/florence-community-2-base-ft/added_tokens.json,22430,1d75deda84dfa81fb6c09301f3fed00f9695059568bbb1403a6bf299cd84fc37
florence_2_base_ft,runtime,florence-community/Florence-2-base-ft,weights/florence-community-2-base-ft/config.json,2387,2a4dfe9885d183da121f239ada734bd700ee6908b650a7a25ab32eb104fe1d7a
florence_2_base_ft,runtime,florence-community/Florence-2-base-ft,weights/florence-community-2-base-ft/generation_config.json,292,0251459c49cc358ac033b5d4b8569e61ac22bde5d76be404b97a44cfb33fb12e
florence_2_base_ft,runtime,florence-community/Florence-2-base-ft,weights/florence-community-2-base-ft/merges.txt,456318,1ce1664773c50f3e0cc8842619a93edc4624525b728b188a9e0be33b7726adc5
florence_2_base_ft,runtime,florence-community/Florence-2-base-ft,weights/florence-community-2-base-ft/model.safetensors,463178864,ab06dea66b16d5e54513256d64854be2194443452fd0d84353b40a278bf87d42
florence_2_base_ft,runtime,florence-community/Florence-2-base-ft,weights/florence-community-2-base-ft/preprocessor_config.json,603,1396ec5a0a7adfe1c04fb777b09e8ba753be6dbb5868212ab3c3ef39d91fe031
florence_2_base_ft,runtime,florence-community/Florence-2-base-ft,weights/florence-community-2-base-ft/processor_config.json,2264,cd0e3bf41a39b1276503fbd273bc03b9afc70d7a15ea681a92a1b4b77f858ee6
florence_2_base_ft,runtime,florence-community/Florence-2-base-ft,weights/florence-community-2-base-ft/README.md,13429,0bbb80e54b04136cd08282a1ce008bf2fe3216f6797a18d8faa7a352a311c2a9
florence_2_base_ft,runtime,florence-community/Florence-2-base-ft,weights/florence-community-2-base-ft/special_tokens_map.json,146627,72ff172dc769bc1551b1b4211628ce3271643bc60379e4da45d85a9be9332c39
florence_2_base_ft,runtime,florence-community/Florence-2-base-ft,weights/florence-community-2-base-ft/tokenizer.json,3748144,3ad7001f773409abe6bba33eac92662611a73d72f459bda2f00d2a221dd31ce4
florence_2_base_ft,runtime,florence-community/Florence-2-base-ft,weights/florence-community-2-base-ft/tokenizer_config.json,197922,cb5f80bd9afa767bb1bb798ee5f0a79eae45239b8e72506166b4218175a16723
florence_2_base_ft,runtime,florence-community/Florence-2-base-ft,weights/florence-community-2-base-ft/vocab.json,798293,ed19656ea1707df69134c4af35c8ceda2cc9860bf2c3495026153a133670ab5e
florence_2_large_ft,runtime,florence-community/Florence-2-large-ft,weights/florence-community-2-large-ft/.gitattributes,1519,11ad7efa24975ee4b0c3c3a38ed18737f0658a5f75a0a96787b576a78a023361
florence_2_large_ft,runtime,florence-community/Florence-2-large-ft,weights/florence-community-2-large-ft/added_tokens.json,22430,1d75deda84dfa81fb6c09301f3fed00f9695059568bbb1403a6bf299cd84fc37
florence_2_large_ft,runtime,florence-community/Florence-2-large-ft,weights/florence-community-2-large-ft/config.json,2396,4f6607fc3fd52dcba9fa6535abcd06c5182df4afd8e3de6f7055cc0d56a38ff7
florence_2_large_ft,runtime,florence-community/Florence-2-large-ft,weights/florence-community-2-large-ft/generation_config.json,292,0251459c49cc358ac033b5d4b8569e61ac22bde5d76be404b97a44cfb33fb12e
florence_2_large_ft,runtime,florence-community/Florence-2-large-ft,weights/florence-community-2-large-ft/merges.txt,456318,1ce1664773c50f3e0cc8842619a93edc4624525b728b188a9e0be33b7726adc5
florence_2_large_ft,runtime,florence-community/Florence-2-large-ft,weights/florence-community-2-large-ft/model.safetensors,1540958064,58a76f4be257b0dd03ddd6b16c2bb05f4e1910c550047c8fbc4d85de638c619e
florence_2_large_ft,runtime,florence-community/Florence-2-large-ft,weights/florence-community-2-large-ft/preprocessor_config.json,603,1396ec5a0a7adfe1c04fb777b09e8ba753be6dbb5868212ab3c3ef39d91fe031
florence_2_large_ft,runtime,florence-community/Florence-2-large-ft,weights/florence-community-2-large-ft/processor_config.json,2264,cd0e3bf41a39b1276503fbd273bc03b9afc70d7a15ea681a92a1b4b77f858ee6
florence_2_large_ft,runtime,florence-community/Florence-2-large-ft,weights/florence-community-2-large-ft/README.md,13451,1a121ef201b8c85a41692facb4911e7ad57fa82210eccbcafc0f2382bd42e454
florence_2_large_ft,runtime,florence-community/Florence-2-large-ft,weights/florence-community-2-large-ft/special_tokens_map.json,146627,72ff172dc769bc1551b1b4211628ce3271643bc60379e4da45d85a9be9332c39
florence_2_large_ft,runtime,florence-community/Florence-2-large-ft,weights/florence-community-2-large-ft/tokenizer.json,3748144,3ad7001f773409abe6bba33eac92662611a73d72f459bda2f00d2a221dd31ce4
florence_2_large_ft,runtime,florence-community/Florence-2-large-ft,weights/florence-community-2-large-ft/tokenizer_config.json,197922,cb5f80bd9afa767bb1bb798ee5f0a79eae45239b8e72506166b4218175a16723
florence_2_large_ft,runtime,florence-community/Florence-2-large-ft,weights/florence-community-2-large-ft/vocab.json,798293,ed19656ea1707df69134c4af35c8ceda2cc9860bf2c3495026153a133670ab5e
florence_2_base_ft_original_reference,origin_reference,microsoft/Florence-2-base-ft,weights/florence-2-base-ft/.gitattributes,1560,28aac17b0f70983ef58c18a7ee355503e454ce3178fce77a7b50503906df0635
florence_2_base_ft_original_reference,origin_reference,microsoft/Florence-2-base-ft,weights/florence-2-base-ft/CODE_OF_CONDUCT.md,444,9daeae709a0bd71bcfd1c96dc5822ecec5210327eff929da64b0ae7f8faf1444
florence_2_base_ft_original_reference,origin_reference,microsoft/Florence-2-base-ft,weights/florence-2-base-ft/config.json,2430,c666d0fe0172d46e115e8fba6cd93cd83714575b33a73005cab8d24ce2a3aa8f
florence_2_base_ft_original_reference,origin_reference,microsoft/Florence-2-base-ft,weights/florence-2-base-ft/configuration_florence2.py,15125,653bafddc9651eaff1583a16db4a2bb27d33ec7d541dfab7201aaa4ecaa1cfbf
florence_2_base_ft_original_reference,origin_reference,microsoft/Florence-2-base-ft,weights/florence-2-base-ft/LICENSE,1141,c2cfccb812fe482101a8f04597dfc5a9991a6b2748266c47ac91b6a5aae15383
florence_2_base_ft_original_reference,origin_reference,microsoft/Florence-2-base-ft,weights/florence-2-base-ft/model.safetensors,463221266,58757d657ff44051314c8030b68e04cb1bb618ca9a4885418f111f6fb708185a
florence_2_base_ft_original_reference,origin_reference,microsoft/Florence-2-base-ft,weights/florence-2-base-ft/modeling_florence2.py,127415,5bb7aa72c6ba62e96e1bbae6bc1aaf7b4e8e28cdfc62e670de3d5b67eeab1fdf
florence_2_base_ft_original_reference,origin_reference,microsoft/Florence-2-base-ft,weights/florence-2-base-ft/preprocessor_config.json,806,2f5921bbc53c7cc04251e1027b45b1cec726276be6db23d1bb40641bfbe2cf29
florence_2_base_ft_original_reference,origin_reference,microsoft/Florence-2-base-ft,weights/florence-2-base-ft/processing_florence2.py,46372,4bd7158536cbf1c7891fc8efd94437d79fd09f07f539c7398fab8a885d7d8bca
florence_2_base_ft_original_reference,origin_reference,microsoft/Florence-2-base-ft,weights/florence-2-base-ft/pytorch_model.bin,464421315,664e363a908207ce37b8128ec3087fae0e17252b5e036882e954f69369f08002
florence_2_base_ft_original_reference,origin_reference,microsoft/Florence-2-base-ft,weights/florence-2-base-ft/README.md,14820,092b90e814cd6c15f734b15a81e294b4d12c92d12bff3c674a9474ca935ecd1c
florence_2_base_ft_original_reference,origin_reference,microsoft/Florence-2-base-ft,weights/florence-2-base-ft/SECURITY.md,2656,7b6976eec43edfa68b79a459dd089c56b7a395916dbf1a01bd11e6d86e12128f
florence_2_base_ft_original_reference,origin_reference,microsoft/Florence-2-base-ft,weights/florence-2-base-ft/SUPPORT.md,1244,149773411caf2c59cb1a6bfb2c6f070d1d054f1f018e7a80be319a8c384eeaf5
florence_2_base_ft_original_reference,origin_reference,microsoft/Florence-2-base-ft,weights/florence-2-base-ft/tokenizer.json,1355863,847bbeab6174d66a88898f729d52fa8d355fafe1bea101cf960dd404581df70e
florence_2_base_ft_original_reference,origin_reference,microsoft/Florence-2-base-ft,weights/florence-2-base-ft/tokenizer_config.json,34,79ffcf43af8ebda99d165f61d243180da2e2639952e41e71e11611c18770489c
florence_2_base_ft_original_reference,origin_reference,microsoft/Florence-2-base-ft,weights/florence-2-base-ft/vocab.json,1099884,394fdc63c71aabe0a9b97117f5d62fb5fcc4d59b2b3ea929a3929e6a53217b3c
florence_2_large_ft_original_reference,origin_reference,microsoft/Florence-2-large-ft,weights/florence-2-large-ft/.gitattributes,1560,28aac17b0f70983ef58c18a7ee355503e454ce3178fce77a7b50503906df0635
florence_2_large_ft_original_reference,origin_reference,microsoft/Florence-2-large-ft,weights/florence-2-large-ft/CODE_OF_CONDUCT.md,444,9daeae709a0bd71bcfd1c96dc5822ecec5210327eff929da64b0ae7f8faf1444
florence_2_large_ft_original_reference,origin_reference,microsoft/Florence-2-large-ft,weights/florence-2-large-ft/config.json,2445,fa081841369aa9c6e42faf5c52368d673b561e2c5f8fa03d1256e7408cb4130e
florence_2_large_ft_original_reference,origin_reference,microsoft/Florence-2-large-ft,weights/florence-2-large-ft/configuration_florence2.py,15125,653bafddc9651eaff1583a16db4a2bb27d33ec7d541dfab7201aaa4ecaa1cfbf
florence_2_large_ft_original_reference,origin_reference,microsoft/Florence-2-large-ft,weights/florence-2-large-ft/generation_config.json,51,30e9865458ecc8ee931eeeb43f44f1d169c5ab95be39e0072142a7a6b8f31990
florence_2_large_ft_original_reference,origin_reference,microsoft/Florence-2-large-ft,weights/florence-2-large-ft/LICENSE,1141,c2cfccb812fe482101a8f04597dfc5a9991a6b2748266c47ac91b6a5aae15383
florence_2_large_ft_original_reference,origin_reference,microsoft/Florence-2-large-ft,weights/florence-2-large-ft/model.safetensors,1540980506,8b4e610c952eef90a836c56cda0f398a672a3a6ca7b4d96b0e09a86dee42e2c3
florence_2_large_ft_original_reference,origin_reference,microsoft/Florence-2-large-ft,weights/florence-2-large-ft/modeling_florence2.py,127415,5bb7aa72c6ba62e96e1bbae6bc1aaf7b4e8e28cdfc62e670de3d5b67eeab1fdf
florence_2_large_ft_original_reference,origin_reference,microsoft/Florence-2-large-ft,weights/florence-2-large-ft/preprocessor_config.json,806,2f5921bbc53c7cc04251e1027b45b1cec726276be6db23d1bb40641bfbe2cf29
florence_2_large_ft_original_reference,origin_reference,microsoft/Florence-2-large-ft,weights/florence-2-large-ft/processing_florence2.py,46372,4bd7158536cbf1c7891fc8efd94437d79fd09f07f539c7398fab8a885d7d8bca
florence_2_large_ft_original_reference,origin_reference,microsoft/Florence-2-large-ft,weights/florence-2-large-ft/pytorch_model.bin,1543106435,4188ce5a9364c358c3e28eb3e4155985867ef70bb3ae628f1f289d6a3538310a
florence_2_large_ft_original_reference,origin_reference,microsoft/Florence-2-large-ft,weights/florence-2-large-ft/README.md,14828,a7ce927349dee88fbe0ca4c9944d38b88c7025b3731ae15f0a2f1b1c42aa49cc
florence_2_large_ft_original_reference,origin_reference,microsoft/Florence-2-large-ft,weights/florence-2-large-ft/SECURITY.md,2656,7b6976eec43edfa68b79a459dd089c56b7a395916dbf1a01bd11e6d86e12128f
florence_2_large_ft_original_reference,origin_reference,microsoft/Florence-2-large-ft,weights/florence-2-large-ft/SUPPORT.md,1244,149773411caf2c59cb1a6bfb2c6f070d1d054f1f018e7a80be319a8c384eeaf5
florence_2_large_ft_original_reference,origin_reference,microsoft/Florence-2-large-ft,weights/florence-2-large-ft/tokenizer.json,1355863,847bbeab6174d66a88898f729d52fa8d355fafe1bea101cf960dd404581df70e
florence_2_large_ft_original_reference,origin_reference,microsoft/Florence-2-large-ft,weights/florence-2-large-ft/tokenizer_config.json,34,79ffcf43af8ebda99d165f61d243180da2e2639952e41e71e11611c18770489c
florence_2_large_ft_original_reference,origin_reference,microsoft/Florence-2-large-ft,weights/florence-2-large-ft/vocab.json,1099884,394fdc63c71aabe0a9b97117f5d62fb5fcc4d59b2b3ea929a3929e6a53217b3c
