source,available,domain,annotation_types,license,local_path,size_bytes,size_human,splits,notes
CiF-tiled,True,mixed civil infrastructure,instance polygons; boxes,CDLA-Permissive-2.0,datasets\CiF-tiled,23619174776,22.00 GiB,,Tiled release only; parent-image fields must control leakage. | Do not count 1024x1024 tiles as independent structures. | Detailed parquet audit skipped: No module named 'pyarrow'
DACL10K-v2-devphase,True,bridges,multi-label semantic polygons,CC BY-NC 4.0,datasets\DACL10K\dacl10k_v2_devphase.zip,5109737241,4.76 GiB,"train=images:6935,annotations:6935; validation=images:975,annotations:975; testdev=images:1012,annotations:0","Bridge-domain stress/transfer source, not primary building validation. | Test-dev images have no public labels in this archive."
CODEBRIM-original,True,bridges,bounding boxes; multi-target source labels,custom non-commercial research/educational license,datasets\CODEBRIM\CODEBRIM_original_images.zip,8310630622,7.74 GiB,"unsplit_original=images:1590,xml_annotations:1052,images_without_matching_xml_by_stem:538,boxes:5233",Not pixel-mask ground truth. | Archive contains macOS resource-fork entries that must be ignored. | Regular-member read failures: original_dataset/images/image_0000673.jpg: Bad magic number for file header; original_dataset/images/image_0000631.jpg: Truncated file header; original_dataset/images/image_0001574.jpg: Overlapped entries: 'original_dataset/images/image_0001574.jpg' (possible zip bomb) | Full archive passed portable 7-Zip verification; use 7-Zip for image extraction because standard ZIP readers cannot handle the headers.
CODEBRIM-classification,True,bridge defect crops,multi-label crop classification,custom non-commercial research/educational license,datasets\CODEBRIM\CODEBRIM_classification_dataset.zip,7911716093,7.37 GiB,"test=images:632,background_folder:150,defects_folder:482; train=images:6481,background_folder:2185,defects_folder:4296; val=images:616,background_folder:150,defects_folder:466",Official unbalanced classification release selected; do not use the publisher's duplicated balanced archive. | Crops from a common parent filename must be checked for cross-split parent leakage. | Read failures: classification_dataset/test/background/image_0000058_crop_0000002.png: Bad magic number for file header; classification_dataset/train/defects/image_0001513_crop_0000004.png: Bad magic number for file header | Full archive passed portable 7-Zip verification; six extracted probes decoded successfully. Use 7-Zip for image extraction.
S2DS,True,mostly concrete structural surfaces,semantic color masks,academic use only; redistribution prohibited,datasets\building-target\S2DS\s2ds.zip,1241309613,1.16 GiB,"train=images:563,masks:563,unpaired_images:0,unpaired_masks:0; val=images:87,masks:87,unpaired_images:0,unpaired_masks:0; test=images:93,masks:93,unpaired_images:0,unpaired_masks:0",Official split contains 743 image/mask pairs.
UAV75,True,UAV structural surfaces,pixel labels; line-style crack labels,repository GPL-3.0; confirm dataset/media scope before release,datasets\UAV-candidates\UAV75,31043717,29.61 MiB,"train=images:50,masks:50,unpaired_images:0,unpaired_masks:0; val=images:10,masks:10,unpaired_images:0,unpaired_masks:0; test=images:15,masks:15,unpaired_images:0,unpaired_masks:0",75-image stress set with crack and planking/context labels. | Keep official splits; too small to support a standalone performance claim.
CUBIT-InSeg,True,UAV building facades,instance masks; boxes,CC BY 4.0,datasets\building-target\CUBIT-InSeg\CUBIT-InSeg,4025220888,3.75 GiB,"train=expected_images:5596,image_archive:False,label_archive:True,image_members:None,label_members:5596,count_matches_expected:None,malformed_label_lines:0; val=expected_images:699,image_archive:True,label_archive:True,image_members:699,label_members:699,count_matches_expected:True,malformed_label_lines:0; test=expected_images:701,image_archive:True,label_archive:True,image_members:701,label_members:701,count_matches_expected:True",Preferred building-facade target benchmark. | Keep the official test split locked; do not use it for model selection. | Missing archives: train_images.
Liu-UAV-benchmark-repository,True,repository describes consolidated crack sources,samples/code only in local clone,repository license present; linked consolidated dataset unresolved,datasets\UAV-candidates\Liu-UAV-benchmark,109957596,104.86 MiB,,Do not include until image provenance and data license are verified.
ConRebSeg-toolkit,True,reinforced-concrete construction scenes,segmentation metadata/tooling,source/toolkit terms require review; self-collected data release is separate,references\toolkits\ConRebSeg,17356835,16.55 MiB,,Optional for exposed bars/construction context; not primary crack ground truth. | Full approximately 22 GB data has not been acquired.
