sample_id,source,image_path,annotation_path,image_bytes,annotation_bytes,image_sha256,annotation_sha256,width,height,image_format,image_mode,image_status,annotation_status,readable
cif_0001,CiF-tiled,data/feasibility_v0/images/cif/cif_0001.jpg,data/feasibility_v0/annotations/cif/cif_0001.json,135796,27722,579249033e5b368ea77483eb942a7e68d17a4ddf15780de8819aa7d07b205dc2,3ca188f29458a6648dc2e6bdeeeff99c102c538922fc6df83b05cd6ae94729a6,1024,1024,JPEG,RGB,reused_identical,reused_identical,True
cif_0002,CiF-tiled,data/feasibility_v0/images/cif/cif_0002.jpg,data/feasibility_v0/annotations/cif/cif_0002.json,177344,9862,14bbe76c284ab6944da6b971f87c6402934b92c69102463a43268819a01ca0fd,78335465d5776f4c176aea4f26b9e6021708cb58efc66dffe19ff3cc26110a18,1024,1024,JPEG,RGB,reused_identical,reused_identical,True
cif_0003,CiF-tiled,data/feasibility_v0/images/cif/cif_0003.jpg,data/feasibility_v0/annotations/cif/cif_0003.json,150504,48111,02d3b89ce1fa6e8417655e87a3a233f8dc8c0a240750408c7e5d9636e9977f28,95a196d6a6e6ea1707a98e0cc441ccf311c2f7c3846d7640eea5793f82aa3c0a,1024,1024,JPEG,RGB,reused_identical,reused_identical,True
cif_0004,CiF-tiled,data/feasibility_v0/images/cif/cif_0004.jpg,data/feasibility_v0/annotations/cif/cif_0004.json,275526,28838,3812428d22d38207cbd3d51474cab4670ec62f2ed67f4a91689f65c47bb225b5,c080d3b07a7daaf72e01abb97bd29ab40c68643713cb66dbb6d13142480b85cc,1024,1024,JPEG,RGB,reused_identical,reused_identical,True
cif_0005,CiF-tiled,data/feasibility_v0/images/cif/cif_0005.jpg,data/feasibility_v0/annotations/cif/cif_0005.json,136725,11500,fb6fa9e9df43d8646d0866cfedc38edbc2b4fbcad1eb3d17e1671fb6ae3a877b,60086e320a2e5036d6a344fada02136821da1822d9414664fa6f2e52ea205977,1024,1024,JPEG,RGB,reused_identical,reused_identical,True
cif_0006,CiF-tiled,data/feasibility_v0/images/cif/cif_0006.jpg,data/feasibility_v0/annotations/cif/cif_0006.json,166896,7380,6f8e75d1e5f3a9737937b46db74feeaaab6aea3c77b0ac853f31338903bb52c1,a208bfb8521efe88ae712aeddc358093f5c20bfe740a48b9df42e86e50d1c6ba,1024,1024,JPEG,RGB,reused_identical,reused_identical,True
cif_0007,CiF-tiled,data/feasibility_v0/images/cif/cif_0007.jpg,data/feasibility_v0/annotations/cif/cif_0007.json,98033,22484,0942dd3a8a2d35afd12d31a7d71a27fe1406129be03d4a2d48bb86c4af89fd53,b641019eb3145d0d578d7eaa94094ac3d785ea812f2bef638a9002f16aca6380,1024,1024,JPEG,RGB,reused_identical,reused_identical,True
cif_0008,CiF-tiled,data/feasibility_v0/images/cif/cif_0008.jpg,data/feasibility_v0/annotations/cif/cif_0008.json,140997,47188,facb0a3a08211dd52c2a1ab43c0122d5750d0c3e5d1f0e6768d6080d75ce5d2a,4ea430f5c824d8e65cd0d8902d46c806262c9047890ed95e79a2480b6dce39b4,1024,1024,JPEG,RGB,reused_identical,reused_identical,True
cif_0009,CiF-tiled,data/feasibility_v0/images/cif/cif_0009.jpg,data/feasibility_v0/annotations/cif/cif_0009.json,181749,8890,5985ef87d9ac4c5319cfe6918f19e62afe52ecbd736b18fe521497abc3d56387,63db405303b2e5a39ecab8dfcde96590e8d265e0dcd9479ebb4101f3ca510e7c,1024,1024,JPEG,RGB,reused_identical,reused_identical,True
cif_0010,CiF-tiled,data/feasibility_v0/images/cif/cif_0010.jpg,data/feasibility_v0/annotations/cif/cif_0010.json,138503,60409,e630c32911258685f251b326757bfa0b7cd1e1196551035e615e9a52709fbfbd,9628b4b1c224bb2d7972df2f578ca77be445f3f4b2884e99ba3772ee81e0e19a,1024,1024,JPEG,RGB,reused_identical,reused_identical,True
cif_0011,CiF-tiled,data/feasibility_v0/images/cif/cif_0011.jpg,data/feasibility_v0/annotations/cif/cif_0011.json,159180,36067,a0dd6c2ee82570e2c2f97e07e5e10f959ce8fa7b4d98a7377bca8b9fd92fa2bd,d2a84c14c52c42f58a876c85c8fa69d0e4847232dd7139ede863e91142e76a1d,1024,1024,JPEG,RGB,reused_identical,reused_identical,True
cif_0012,CiF-tiled,data/feasibility_v0/images/cif/cif_0012.jpg,data/feasibility_v0/annotations/cif/cif_0012.json,264253,879,99708914bc85ec5185733b392cc951a9141bf8474c79abf336eb926ef1ae31af,0bdbf20e103dc70cce023b886eaa894b7791bdb6969a9b3032e1344c86c2a87e,1024,1024,JPEG,RGB,reused_identical,reused_identical,True
cif_0013,CiF-tiled,data/feasibility_v0/images/cif/cif_0013.jpg,data/feasibility_v0/annotations/cif/cif_0013.json,140727,33861,7948cfcd6abd6cf118f19dd560c4ddb3c98961dd7a40d3de7dbf95d5d5887117,9ce1ffffb08fd616892e7abadc8e323b9e4f55792d28a4f26d6ca57d5cde7ea7,1024,1024,JPEG,RGB,reused_identical,reused_identical,True
cif_0014,CiF-tiled,data/feasibility_v0/images/cif/cif_0014.jpg,data/feasibility_v0/annotations/cif/cif_0014.json,177664,969,7bbb0bdb772b0f7ed0b632ba9c0c78db1adaeb5429e4aff981b1f92d80cee94e,097c50a3618bc21fe2230c6964aa5b1c19717a32b83e1bcaf565ac717ee3d960,1024,1024,JPEG,RGB,reused_identical,reused_identical,True
cif_0015,CiF-tiled,data/feasibility_v0/images/cif/cif_0015.jpg,data/feasibility_v0/annotations/cif/cif_0015.json,143330,12262,5a85318c94b58ba858da10a244cbed67f4b805d614e7eb8428b8b6654f8a11ab,4a29488832625015b6ca6f6e2b6603cdace13655c629d1d741b97fe6eb6f3936,1024,1024,JPEG,RGB,reused_identical,reused_identical,True
cif_0016,CiF-tiled,data/feasibility_v0/images/cif/cif_0016.jpg,data/feasibility_v0/annotations/cif/cif_0016.json,222860,969,5b92b75d83a1903a6a081e72e00a6a891f46ff92d07c044989921f730ed94c73,3ee8622c9cbe9a31fdb6e0fecf722198283cec7a95ce34a8dd28b99bcfb732b3,1024,1024,JPEG,RGB,reused_identical,reused_identical,True
cif_0017,CiF-tiled,data/feasibility_v0/images/cif/cif_0017.jpg,data/feasibility_v0/annotations/cif/cif_0017.json,172576,18688,56293da18e61182a0d011658c07389071e732a272f6143cb8c639264bde94531,51dcc68d3e8dd67efcbdc2529b9320e5ba667af8a82bd9e19ce62cbe734a6971,1024,1024,JPEG,RGB,reused_identical,reused_identical,True
cif_0018,CiF-tiled,data/feasibility_v0/images/cif/cif_0018.jpg,data/feasibility_v0/annotations/cif/cif_0018.json,129837,177682,9f799ca8c140d1fcf770d9793a9759704616301340506f66b4c779451f8d9d50,3a3c9880ec176c43e3ea6d168eb4d0fe47556f829c93ad74a82fc99465980a14,1024,1024,JPEG,RGB,reused_identical,reused_identical,True
cif_0019,CiF-tiled,data/feasibility_v0/images/cif/cif_0019.jpg,data/feasibility_v0/annotations/cif/cif_0019.json,218926,42571,cf0801099740680754f8174cdd12071538941db5723db681d41195461c18609a,41f1ef68c2df40082b6f796c738a937a1fc9785a00bcd1a450e485997345853a,1024,1024,JPEG,RGB,reused_identical,reused_identical,True
cif_0020,CiF-tiled,data/feasibility_v0/images/cif/cif_0020.jpg,data/feasibility_v0/annotations/cif/cif_0020.json,120513,12073,fbe5e3febfa79e39618d12ae51ef4f9d390056ec574fa99ce09c5d350fccf3e2,cd7827740fcf46aa0bb97a8d41c016c674596d8f7459acf79af3a75964d9e836,1024,1024,JPEG,RGB,reused_identical,reused_identical,True
cif_0021,CiF-tiled,data/feasibility_v0/images/cif/cif_0021.jpg,data/feasibility_v0/annotations/cif/cif_0021.json,198663,33276,23cdf6e53635c82e9ef14e164ccc75a9e9e8e6232d506090344cfefb4a9bbc1d,e3fda840156bee70a20163518f986ae7e41a29cb9e44c6082f2370219503fb06,1024,1024,JPEG,RGB,reused_identical,reused_identical,True
cif_0022,CiF-tiled,data/feasibility_v0/images/cif/cif_0022.jpg,data/feasibility_v0/annotations/cif/cif_0022.json,156117,47639,b48b4f40729f6a3136e004b1f743feb5d3dd510f4f8b34c456497024759e00d6,18cdc0fce30f4e96f227a28d35a92fead9acd23be228aaefa72d5bfd27d4cb65,1024,1024,JPEG,RGB,reused_identical,reused_identical,True
cif_0023,CiF-tiled,data/feasibility_v0/images/cif/cif_0023.jpg,data/feasibility_v0/annotations/cif/cif_0023.json,185219,4601,6bc9079460197ac2dcf09cd1d461b76953cdd5908304b7bb525fba3fea6db237,ec421d7535b4b9beb6047aa33087661e5a0344aa6b413c92c620fc35ee5d7e43,1024,1024,JPEG,RGB,reused_identical,reused_identical,True
cif_0024,CiF-tiled,data/feasibility_v0/images/cif/cif_0024.jpg,data/feasibility_v0/annotations/cif/cif_0024.json,201703,966,231aa7e43fd9525a8f344958b34141844713dfa82c57cb0805734dbac836d6be,aaf68c97f32f76ae48c522e916e1ea32bfdc85158a9fe60863b4c622260ec4bc,1024,1024,JPEG,RGB,reused_identical,reused_identical,True
cif_0025,CiF-tiled,data/feasibility_v0/images/cif/cif_0025.jpg,data/feasibility_v0/annotations/cif/cif_0025.json,120829,23908,4eb1bde79d9a89f2e28effd51f2c2b7e6a0df3823ad03e3ea3d9cd76e23dc0b9,d19b4d2c4c2d8d9c0f9030226af26661a50b70112fde3c5207a3ca9e7e56e331,1024,1024,JPEG,RGB,reused_identical,reused_identical,True
cif_0026,CiF-tiled,data/feasibility_v0/images/cif/cif_0026.jpg,data/feasibility_v0/annotations/cif/cif_0026.json,65996,2983,8d30ca35e30a2d679a9e885466f086d5d7308ca9d4a9a4bbb3fd0ba457bc5035,ed5a7a2efa8b25961061639d81f453d59b93eba01f7765f7f69874afa1a93827,1024,1024,JPEG,RGB,reused_identical,reused_identical,True
cif_0027,CiF-tiled,data/feasibility_v0/images/cif/cif_0027.jpg,data/feasibility_v0/annotations/cif/cif_0027.json,84278,31981,7b3eb56307482c3d878a4b0b324cea50a506a1b02d8fdc8adfe262ed3486e49d,c1c141f56bd9c07b1e5117a1b38da677444de359f1bcd1814eb1faf20a51970c,1024,1024,JPEG,RGB,reused_identical,reused_identical,True
cif_0028,CiF-tiled,data/feasibility_v0/images/cif/cif_0028.jpg,data/feasibility_v0/annotations/cif/cif_0028.json,83224,9326,f7eb89771630ed167625e8586081a9f419b3c927f4b92da011df9f1d64814ee2,237a64633b95a1565062c6931291171e616085d19852df6f300074fb65433725,1024,1024,JPEG,RGB,reused_identical,reused_identical,True
cif_0029,CiF-tiled,data/feasibility_v0/images/cif/cif_0029.jpg,data/feasibility_v0/annotations/cif/cif_0029.json,109839,8406,3a5b1735dcbcbde1f9eebfb7ac5dddbb7fd06c8ee66c506a49a7e5fc7905d67e,290ae761964c2637f043269f6a609443026768b2bcdc7db0dba78893bc2c802b,1024,1024,JPEG,RGB,reused_identical,reused_identical,True
cif_0030,CiF-tiled,data/feasibility_v0/images/cif/cif_0030.jpg,data/feasibility_v0/annotations/cif/cif_0030.json,160409,6085,e0d9ba3f14767d587c62c9c57440a67dcfa404d3e7c7066c38411878cc554bf0,0abf86b59853bc6c406ed1ebfd43610a09b77072ac60ec17678c0bf10d5c3341,1024,1024,JPEG,RGB,reused_identical,reused_identical,True
cif_0031,CiF-tiled,data/feasibility_v0/images/cif/cif_0031.jpg,data/feasibility_v0/annotations/cif/cif_0031.json,147582,7456,8e450f95854e4676707c6ef1a1eca7f7091513683589e5754a996765986ddf1e,e8644824b9d83f9335cc4bc53c49282687c8aa8297ea0241225361cae399b1ff,1024,1024,JPEG,RGB,reused_identical,reused_identical,True
cif_0032,CiF-tiled,data/feasibility_v0/images/cif/cif_0032.jpg,data/feasibility_v0/annotations/cif/cif_0032.json,127287,11308,6953c859c8818d687040bf13fc0ea0e362da7692e08ea0a49264b23aa76bca4f,4d44980534b671f7b6114fcc05ae9de463f5e00c3f7d9d4770c558849aa90dec,1024,1024,JPEG,RGB,reused_identical,reused_identical,True
cif_0033,CiF-tiled,data/feasibility_v0/images/cif/cif_0033.jpg,data/feasibility_v0/annotations/cif/cif_0033.json,92643,1568,df310e9e0d17353cec1eba9b38dc69f5adece7e6d717029212c94aee2ef10ef5,84fc4172127e7d0b809a25f4964abe8a9f9255065ba1b3e78aa4343a2569889c,1024,1024,JPEG,RGB,reused_identical,reused_identical,True
cif_0034,CiF-tiled,data/feasibility_v0/images/cif/cif_0034.jpg,data/feasibility_v0/annotations/cif/cif_0034.json,162712,20015,806ef195d95bf869cd142240c947b04d933e93c6a376b1afc94785dff9411f3a,257ab5bb7a7f01938af272fc863c53375327850be8a3a73a3cfc1f5160a89497,1024,1024,JPEG,RGB,reused_identical,reused_identical,True
cif_0035,CiF-tiled,data/feasibility_v0/images/cif/cif_0035.jpg,data/feasibility_v0/annotations/cif/cif_0035.json,67924,20431,b334b333d00fd459554dc10ba89e6da326384973305da889de9ba647ed96b6ca,c4644836e081f8ee3efd296c7d800341294e2e33b0ec6ab1bd2069f726ccb12d,1024,1024,JPEG,RGB,reused_identical,reused_identical,True
cif_0036,CiF-tiled,data/feasibility_v0/images/cif/cif_0036.jpg,data/feasibility_v0/annotations/cif/cif_0036.json,160932,47694,cd97adb98297fb8dea97d87a0f6cf1e777ce5689b1dc9db3cd9ef08c506e700f,3e7bbf1733106c562c46516b59f9f6b05e669c10b323eeb597ca372437ce7e09,1024,1024,JPEG,RGB,reused_identical,reused_identical,True
cif_0037,CiF-tiled,data/feasibility_v0/images/cif/cif_0037.jpg,data/feasibility_v0/annotations/cif/cif_0037.json,207553,17347,6983975ee3d1454408c17939e546c665f660643fb857461d174220df9b6fd721,8a9d91765b08d20bb51aa95e446eeaa8e8889ef53ad995cdf12f0db2ffaf7439,1024,1024,JPEG,RGB,reused_identical,reused_identical,True
cif_0038,CiF-tiled,data/feasibility_v0/images/cif/cif_0038.jpg,data/feasibility_v0/annotations/cif/cif_0038.json,73046,56040,a41bde07f3f05a872efeb637f84807649b00862ac6df58060d4871da1a12c15a,0bb2598e543a55dff5c556f70d05a7d85c83c4080ad26dda81e039139b33a337,1024,1024,JPEG,RGB,reused_identical,reused_identical,True
cif_0039,CiF-tiled,data/feasibility_v0/images/cif/cif_0039.jpg,data/feasibility_v0/annotations/cif/cif_0039.json,101975,2154,55dc01c34fc0cf678ef6489fb05111291e7a0bf90fa0340a25ecff8caf1eebc0,e313481fa3675a2e23b4c3914b94af200a41f54514798df26663f6df654e3058,1024,1024,JPEG,RGB,reused_identical,reused_identical,True
cif_0040,CiF-tiled,data/feasibility_v0/images/cif/cif_0040.jpg,data/feasibility_v0/annotations/cif/cif_0040.json,80969,21431,aebac25607b54943e7072aab0bc6d79898e880039cda159aae2313427a6f0c08,13b8c24a027dbb904747e909a79790bb94e4cdc78a28550c05bc629eb7f723ff,1024,1024,JPEG,RGB,reused_identical,reused_identical,True
cif_0041,CiF-tiled,data/feasibility_v0/images/cif/cif_0041.jpg,data/feasibility_v0/annotations/cif/cif_0041.json,226325,3746,1c40d24ad696a1e8dc61d977066b2f3908914505bb5d16e59bccbde9e0358d1b,82a2ece73648049baa3e6373677e3ac62bf785305e636f6b5129cde87be77eb8,1024,1024,JPEG,RGB,reused_identical,reused_identical,True
cif_0042,CiF-tiled,data/feasibility_v0/images/cif/cif_0042.jpg,data/feasibility_v0/annotations/cif/cif_0042.json,114240,9685,a761bd5e379eaab1b03fef3cda20a8b820b6bd00fae5dd5c5ca4ca261355ddf4,25b6b20080a646d3c110f697702272d729bf7658ff0e73fba421a39241b3e31b,1024,1024,JPEG,RGB,reused_identical,reused_identical,True
cif_0043,CiF-tiled,data/feasibility_v0/images/cif/cif_0043.jpg,data/feasibility_v0/annotations/cif/cif_0043.json,146509,1087,f9ffee5c67f06227e4d2d6c1d3dbaebce34dd4dcf4eccfe77ed414a282b3968e,38b0e598cb23e124e8ddc657977ce81165f58448501b33e3b26174735bdd1e44,1024,1024,JPEG,RGB,reused_identical,reused_identical,True
cif_0044,CiF-tiled,data/feasibility_v0/images/cif/cif_0044.jpg,data/feasibility_v0/annotations/cif/cif_0044.json,170525,18378,3016a083d1cdac1ca9613a719969b4cf110dacd6c42baefc868d08a6ce451155,ba5ad7925dbbf88dd826fbc77e4a96a62bb9768c676c77307ee848228d8a7333,1024,1024,JPEG,RGB,reused_identical,reused_identical,True
cif_0045,CiF-tiled,data/feasibility_v0/images/cif/cif_0045.jpg,data/feasibility_v0/annotations/cif/cif_0045.json,46910,10048,c3ae5beb14528faa170045f572d956eb4258073e32fe6d670360a765f266fe07,ec778740aae2eb08bf1956e11ea57f3b09dd4cb7f9035f89121e7749e1d3137e,1024,1024,JPEG,RGB,reused_identical,reused_identical,True
cif_0046,CiF-tiled,data/feasibility_v0/images/cif/cif_0046.jpg,data/feasibility_v0/annotations/cif/cif_0046.json,198087,33267,c9abe83d104bf20cef1a54afa2ca75ad9fae11d03d75a6361187923a2522c6a5,ad4bd7ff9a0d480a7647fc898c32794d28bfebedf8c4582a886ee43db2ac6a2b,1024,1024,JPEG,RGB,reused_identical,reused_identical,True
cif_0047,CiF-tiled,data/feasibility_v0/images/cif/cif_0047.jpg,data/feasibility_v0/annotations/cif/cif_0047.json,104010,4770,42f9941bc725d1a2c9f2e35b7a04b8b5cbfa9a193a68e2d4a169780db6e494eb,8918cb6cefd66fca76ef683098874c54dea673585f9cff6c5ed0e21656a52d1c,1024,1024,JPEG,RGB,reused_identical,reused_identical,True
cif_0048,CiF-tiled,data/feasibility_v0/images/cif/cif_0048.jpg,data/feasibility_v0/annotations/cif/cif_0048.json,225249,6637,b032a203b0e3508600cb02e9637d2a77e2dce50eb4f0da0ed4ebc3c53897d68a,dd7fcce8969a1e1685297c2daf67e2acbb0f9b930e86d042f006cbd1078e400a,1024,1024,JPEG,RGB,reused_identical,reused_identical,True
cif_0049,CiF-tiled,data/feasibility_v0/images/cif/cif_0049.jpg,data/feasibility_v0/annotations/cif/cif_0049.json,114812,8530,89817f0c2ef28a11e0b3c54d2c8d1b25e6a8d60ad189e2bcb1626e882d0f063f,808a23216a9645f71eabd8eb34f6dc428408a52e8420c787ae7ddd1b26d37886,1024,1024,JPEG,RGB,reused_identical,reused_identical,True
cif_0050,CiF-tiled,data/feasibility_v0/images/cif/cif_0050.jpg,data/feasibility_v0/annotations/cif/cif_0050.json,119728,39934,0b6299f82ca8a93b3119407ef77c3d72f679d0c72c40fe35ebb7ecd760986405,bbffc3f4008a55302700b0ed14412214873250528fab3124c25e548cc21ede9a,1024,1024,JPEG,RGB,reused_identical,reused_identical,True
cif_0051,CiF-tiled,data/feasibility_v0/images/cif/cif_0051.jpg,data/feasibility_v0/annotations/cif/cif_0051.json,126477,30837,56642d8f18ed08bb7e32861b9b5a2b121192645517baa44005dbb20d94138084,69d39bc2befb96aecca4887b7b6ad19bb9bdfc3280e7fe0757270c0f98a146a6,1024,1024,JPEG,RGB,reused_identical,reused_identical,True
cif_0052,CiF-tiled,data/feasibility_v0/images/cif/cif_0052.jpg,data/feasibility_v0/annotations/cif/cif_0052.json,92578,7417,dbee49ce911cbf19e034d09b611ad6911d8076a85a9616546468f997624743fa,80817f31bbbe401a3941736d772657e527c9d12349ca27bdd35ea12a276dec33,1024,1024,JPEG,RGB,reused_identical,reused_identical,True
cif_0053,CiF-tiled,data/feasibility_v0/images/cif/cif_0053.jpg,data/feasibility_v0/annotations/cif/cif_0053.json,154793,12097,ce6c3daf4b806369316b12f04598b83c6ed55ed8072dc4f720b545cd358b8c4b,ab1b3633a68ba011c47b5d064b228a6eea3e54a97bd883057765dcfaf4d4409c,1024,1024,JPEG,RGB,reused_identical,reused_identical,True
cif_0054,CiF-tiled,data/feasibility_v0/images/cif/cif_0054.jpg,data/feasibility_v0/annotations/cif/cif_0054.json,116258,11677,c601054e5b3f95fd5ed4fb3370abcd26c8eb79fa1241f667fa7b1cbdbc6a3ed5,6f329af2a891be3d9b28f3752597fed295eb89b8496068fdbf872cfc048c5378,1024,1024,JPEG,RGB,reused_identical,reused_identical,True
cif_0055,CiF-tiled,data/feasibility_v0/images/cif/cif_0055.jpg,data/feasibility_v0/annotations/cif/cif_0055.json,276911,63807,be2803e7c68f9ed2622509129bbd5e57f48c01a2e453974b117744c1203eda95,73682d846c737ef718a5a4b4f7baf75cc7efb3fb0e008eb794f9c46076ce5b0b,1024,1024,JPEG,RGB,reused_identical,reused_identical,True
cif_0056,CiF-tiled,data/feasibility_v0/images/cif/cif_0056.jpg,data/feasibility_v0/annotations/cif/cif_0056.json,156249,18377,179eb2e411a02ae8dbf7c9cba41d54e28f7a5e0749afe18bfc10bddc28f71723,d00fa89b8b240be8fc8d94febe60f953e15cbec88669739f5b6b0f94b0325c56,1024,1024,JPEG,RGB,reused_identical,reused_identical,True
cif_0057,CiF-tiled,data/feasibility_v0/images/cif/cif_0057.jpg,data/feasibility_v0/annotations/cif/cif_0057.json,100134,22060,7d65bed3f6e5c908f4786cf1f294254b3acf092c94217307eefc9d8690ab06e3,be1b125119a2799294204b1acb3e8a9a292f70031a66144215405f17e4abecdb,1024,1024,JPEG,RGB,reused_identical,reused_identical,True
cif_0058,CiF-tiled,data/feasibility_v0/images/cif/cif_0058.jpg,data/feasibility_v0/annotations/cif/cif_0058.json,145509,2605,39b27d008c813201fcc7008ab492c735d67e3999685949b408328d79816900a0,481cd0c5896c8e1397cecf621505a528c506a53c51c89d0d5064619b98d42809,1024,1024,JPEG,RGB,reused_identical,reused_identical,True
cif_0059,CiF-tiled,data/feasibility_v0/images/cif/cif_0059.jpg,data/feasibility_v0/annotations/cif/cif_0059.json,218123,53137,287173ce3ab15bc40cbd691b671a2ff0ae84cb02b0949a179c18afd1700dc546,a8bdab96dfba5611631a75215ddc53e3a7ec03c939b42480a1b378e869e023ba,1024,1024,JPEG,RGB,reused_identical,reused_identical,True
cif_0060,CiF-tiled,data/feasibility_v0/images/cif/cif_0060.jpg,data/feasibility_v0/annotations/cif/cif_0060.json,176887,15038,16136f79bb3f73e6b5f082b5bc6f93b80f9d710e89f75881b38b39466ab49d36,4f47bbbf65cca1858d8597f0d5eb0a1ebc555061ac163b9fccb908045ec034b7,1024,1024,JPEG,RGB,reused_identical,reused_identical,True
cif_0061,CiF-tiled,data/feasibility_v0/images/cif/cif_0061.jpg,data/feasibility_v0/annotations/cif/cif_0061.json,96823,14801,373dda3602f08647027e216cf6243226ca880f0fa6504bbccc41feed8d78fe06,33dfebf402660919e20c6f9c36a2a29e7e067287d8ae11b28b2c106bcdd85757,1024,1024,JPEG,RGB,reused_identical,reused_identical,True
cif_0062,CiF-tiled,data/feasibility_v0/images/cif/cif_0062.jpg,data/feasibility_v0/annotations/cif/cif_0062.json,176724,12750,839320eccce2f4d18542fcda594187c74db6e7bd90344647f7a9e612cf191c3a,6a092e76fb3d384ef7042e987c6e4a986b7e484049b69b525db256f4a28ffa46,1024,1024,JPEG,RGB,reused_identical,reused_identical,True
cif_0063,CiF-tiled,data/feasibility_v0/images/cif/cif_0063.jpg,data/feasibility_v0/annotations/cif/cif_0063.json,106086,9822,3647e300a647f93577a5929ebc78d0789ede7f8829d7e4a2d4b94045a477f536,7ee01c480853d04b14448052fed5cedb1d30e6924cd6c5d764e37f6874928503,1024,1024,JPEG,RGB,reused_identical,reused_identical,True
cif_0064,CiF-tiled,data/feasibility_v0/images/cif/cif_0064.jpg,data/feasibility_v0/annotations/cif/cif_0064.json,87135,10574,1ded7219be88300599833bd93248aa580b983290f1d3c907e553628776cc0f3c,b3760fcf03d4f18760d11b1c2f3f71a3b9399c097e65890a1351f817bdcf37a4,1024,1024,JPEG,RGB,reused_identical,reused_identical,True
cif_0065,CiF-tiled,data/feasibility_v0/images/cif/cif_0065.jpg,data/feasibility_v0/annotations/cif/cif_0065.json,105093,2831,f54f64c93e20ec83f63cade505cc6ea3bcca58b13802752ced0d777aa0f14884,876ae8f49d3174637f8ff28424db74574f47a5f980fccf9719b171773f46fda8,1024,1024,JPEG,RGB,reused_identical,reused_identical,True
cif_0066,CiF-tiled,data/feasibility_v0/images/cif/cif_0066.jpg,data/feasibility_v0/annotations/cif/cif_0066.json,182419,48167,7e6c85f82dc8ee510ee1f725ebbd2b59c48b397b52bbcee802a55b767cc95013,e018a94ab42cc6f76051243db64165b07392e367e446459cbb2014dce4c8b2da,1024,1024,JPEG,RGB,reused_identical,reused_identical,True
cif_0067,CiF-tiled,data/feasibility_v0/images/cif/cif_0067.jpg,data/feasibility_v0/annotations/cif/cif_0067.json,156301,59464,10f815a884556391d2b63b3490f689ae3528bffe2999a8c6be4e44a67cca965d,afda5561ad7d6d9d901b7764076968d83be155ad4797ccc5e8b1646d056d060d,1024,1024,JPEG,RGB,reused_identical,reused_identical,True
cif_0068,CiF-tiled,data/feasibility_v0/images/cif/cif_0068.jpg,data/feasibility_v0/annotations/cif/cif_0068.json,115764,8682,1c1455690052cf6cd7e6b6adfddf0c66e6f9cfce66c26bfb92c2222cf9950524,e634e648e1c5c3278912b3960e6c76ad0732290ad934e0b0f5e3129dace04363,1024,1024,JPEG,RGB,reused_identical,reused_identical,True
cif_0069,CiF-tiled,data/feasibility_v0/images/cif/cif_0069.jpg,data/feasibility_v0/annotations/cif/cif_0069.json,98133,6576,d5d739a325785147c5bf691c5123b84c7e953d1727aa8f192374906eda800c8e,4ced0f6b6100d2c7c1af717a767b56f29d676a37f49f6ac69b06bc597f5b3420,1024,1024,JPEG,RGB,reused_identical,reused_identical,True
cif_0070,CiF-tiled,data/feasibility_v0/images/cif/cif_0070.jpg,data/feasibility_v0/annotations/cif/cif_0070.json,109155,54686,82d1ffc4331ca57b016513e0b25362c1ecf7bfbaadba5d8155a464df2e2a58d8,27f2a6038a363a34b44d7994ed41513f1c7effca0c618598e7b92f2e258f90c1,1024,1024,JPEG,RGB,reused_identical,reused_identical,True
cif_0071,CiF-tiled,data/feasibility_v0/images/cif/cif_0071.jpg,data/feasibility_v0/annotations/cif/cif_0071.json,111122,17228,44780157654ad57c3f5989d3e2d9fc2e7ceac19ecb9ff652316195af18b7cd09,3040f4f3ed218ac8808596436a4e4ce89d21129815a159e21383417240d14add,1024,1024,JPEG,RGB,reused_identical,reused_identical,True
cif_0072,CiF-tiled,data/feasibility_v0/images/cif/cif_0072.jpg,data/feasibility_v0/annotations/cif/cif_0072.json,181839,23365,339889eae3cd50f3c8692c60e55531370c61192442198a57fc1786f8a8389d28,912963afa8e3182aa42229b8c701142ed0b4189d18b724cae6881baea9413d03,1024,1024,JPEG,RGB,reused_identical,reused_identical,True
cif_0073,CiF-tiled,data/feasibility_v0/images/cif/cif_0073.jpg,data/feasibility_v0/annotations/cif/cif_0073.json,149529,15376,635d6935a44756159b02d7c4ecf712c2ba8725fd5b208b723fde0302f8d7e3cc,860fbec17e681b29d3112e210a0e161318327802de83cad2a25ba1ac30bae931,1024,1024,JPEG,RGB,reused_identical,reused_identical,True
cif_0074,CiF-tiled,data/feasibility_v0/images/cif/cif_0074.jpg,data/feasibility_v0/annotations/cif/cif_0074.json,110918,6465,79435d32a34c0e96fc96d44825caade6692731b3ec711d30b87594e20705b706,ca66e795947450390eb7176e2eeff1159546d7fa7a6c9a79ffbd0612b3b04fc3,1024,1024,JPEG,RGB,reused_identical,reused_identical,True
cif_0075,CiF-tiled,data/feasibility_v0/images/cif/cif_0075.jpg,data/feasibility_v0/annotations/cif/cif_0075.json,135364,27706,b4822d4c3c292dfe2b7deaccfcd56a6f174376b0fde8dacc82d280711b660683,b594f6ccf0d2c53102ef8d5fd1a7e73103e5d2319888c7350a9bcbeabff26bc1,1024,1024,JPEG,RGB,reused_identical,reused_identical,True
cif_0076,CiF-tiled,data/feasibility_v0/images/cif/cif_0076.jpg,data/feasibility_v0/annotations/cif/cif_0076.json,140122,10704,e864db98c4827348d4eeadc6b186d8b34caa268e10fceaffae0da9ac305d5cc3,ed04ffd871822fa55ce350fd1316341f365ce3e141bb982ee450e10288ea2ddd,1024,1024,JPEG,RGB,reused_identical,reused_identical,True
cif_0077,CiF-tiled,data/feasibility_v0/images/cif/cif_0077.jpg,data/feasibility_v0/annotations/cif/cif_0077.json,133695,24006,2b7940c39f8de5f855e3641b4434c3862f91162c01d919da11c89c31e3f30c03,24c7ba1bfd26d2876f7162ee4ce4f015294020960245f91343b212470aeeefb1,1024,1024,JPEG,RGB,reused_identical,reused_identical,True
cif_0078,CiF-tiled,data/feasibility_v0/images/cif/cif_0078.jpg,data/feasibility_v0/annotations/cif/cif_0078.json,105264,40123,d63d8ea4a334b80e78a29e02b26199884a4eb043e132fa3d5d50094de364d1e9,e277070b8c65b71c2d93805210ea2e96767523ee653861f08c94521aa4715d40,1024,1024,JPEG,RGB,reused_identical,reused_identical,True
cif_0079,CiF-tiled,data/feasibility_v0/images/cif/cif_0079.jpg,data/feasibility_v0/annotations/cif/cif_0079.json,267445,29369,1a544480484299498fb1039415373c84c6e9c41103c1c7ad398dcc0b7aac070d,f69cf4b341775ec1d2a83f3e56ce0be829504364ea85887e94d4cffcc11f3d97,1024,1024,JPEG,RGB,reused_identical,reused_identical,True
cif_0080,CiF-tiled,data/feasibility_v0/images/cif/cif_0080.jpg,data/feasibility_v0/annotations/cif/cif_0080.json,141210,4529,b2c6faa5057718fbaff615425061f6468d0be144a952704422c4fc2f5305ae31,8c4327685337ab7e34cf269409a98a39c7ee3523958a4abc2441f80ec43f57d0,1024,1024,JPEG,RGB,reused_identical,reused_identical,True
cif_0081,CiF-tiled,data/feasibility_v0/images/cif/cif_0081.jpg,data/feasibility_v0/annotations/cif/cif_0081.json,134950,23339,e203aa6e15ac5aa687fea0ec802aba0de44e717c7f25ea11513b891357d05aef,33c74938bde5d31df06ed53e2449c235ecdcab5b1a94a635250ecad8109f96e8,1024,1024,JPEG,RGB,reused_identical,reused_identical,True
cif_0082,CiF-tiled,data/feasibility_v0/images/cif/cif_0082.jpg,data/feasibility_v0/annotations/cif/cif_0082.json,123053,70636,e8c317d5eb09810a4e77399c07cd52318be7d41edd76284fc4b7eb537f969875,ac448980de43bb525fabbaace280c975f20c10c0bf4abc4018016facc3b13a7b,1024,1024,JPEG,RGB,reused_identical,reused_identical,True
cif_0083,CiF-tiled,data/feasibility_v0/images/cif/cif_0083.jpg,data/feasibility_v0/annotations/cif/cif_0083.json,140081,24856,5c0495f130b63b6029d4c7151433cdb9ffc5b268a8bc909ac8be62022dfdd74c,c66200117162ae99f01943e1560992b08c442369d0046ddbdc029528d0b3c831,1024,1024,JPEG,RGB,reused_identical,reused_identical,True
cif_0084,CiF-tiled,data/feasibility_v0/images/cif/cif_0084.jpg,data/feasibility_v0/annotations/cif/cif_0084.json,34993,51336,2b42a373156060e9a8589724e6157c93cd93a4fe19b1fc54170fccef0a42afcd,00263b5ad3a155281e38efa4fd69cb525f145796a79f2e63ad0936b74ae3f6ec,1024,1024,JPEG,RGB,reused_identical,reused_identical,True
cif_0085,CiF-tiled,data/feasibility_v0/images/cif/cif_0085.jpg,data/feasibility_v0/annotations/cif/cif_0085.json,121659,17488,7ca64e54348a310a9d002d698a4868dea3ee9814ad81fe4ef7a20233deb619cd,61c6461e925f921fb478150042c288dd6d1ad346ed799365ba349d0407a241e8,1024,1024,JPEG,RGB,reused_identical,reused_identical,True
cif_0086,CiF-tiled,data/feasibility_v0/images/cif/cif_0086.jpg,data/feasibility_v0/annotations/cif/cif_0086.json,274275,18359,39f678a1a7518d7003b51e283e64f8d0e18a8c011cdc73bdc3d8ed475ab736ed,65fd41cf411b14ffc0d5aa86271704ed85c12dfcd4e12a532abcf58f6d443dd9,1024,1024,JPEG,RGB,reused_identical,reused_identical,True
cif_0087,CiF-tiled,data/feasibility_v0/images/cif/cif_0087.jpg,data/feasibility_v0/annotations/cif/cif_0087.json,188091,12999,87a4e1f0d094047734c495baa761850b0b7270c140cb020e6653fd43195e16be,cc8a9688d4244b64a035c4f80497208d9252706796b3a26862cfc38a1af7524d,1024,1024,JPEG,RGB,reused_identical,reused_identical,True
cif_0088,CiF-tiled,data/feasibility_v0/images/cif/cif_0088.jpg,data/feasibility_v0/annotations/cif/cif_0088.json,111720,7778,efb20cd74a8a636a6523f3a79a973fdee0e959f6883c865f813176d69bd07091,cdcc0a2396131c64276141985de0c6a54fae18a7c3ed5ba66c63a014de9d0cdf,1024,1024,JPEG,RGB,reused_identical,reused_identical,True
cif_0089,CiF-tiled,data/feasibility_v0/images/cif/cif_0089.jpg,data/feasibility_v0/annotations/cif/cif_0089.json,110833,42472,466bba21bb752cd8fdf5d67ac499c6cfe87949ab2273effa3123289638c0601e,8e3b02e2a9aea24077cbaf517840d91189975dcee26d6761a79e8ecf1d40d291,1024,1024,JPEG,RGB,reused_identical,reused_identical,True
cif_0090,CiF-tiled,data/feasibility_v0/images/cif/cif_0090.jpg,data/feasibility_v0/annotations/cif/cif_0090.json,126930,79952,cc0e8969605b05994681890fa52c046b7cabcd74e1a27e3b0b8182b755ea153e,5cc8c9cc5430c2e63fb0ffe4cb794a18526f0e1d45fe146ab7b47ea3b6417023,1024,1024,JPEG,RGB,reused_identical,reused_identical,True
cif_0091,CiF-tiled,data/feasibility_v0/images/cif/cif_0091.jpg,data/feasibility_v0/annotations/cif/cif_0091.json,77354,8415,ff6940efb867ec2a0cc5d63e81833dcc388776460cb4020a28b2f9419e2a8e22,13ddddabdec4f72ac65ba7df5e7398eae82b0b3e024a122d5a5d4cff0f73f2a5,1024,1024,JPEG,RGB,reused_identical,reused_identical,True
cif_0092,CiF-tiled,data/feasibility_v0/images/cif/cif_0092.jpg,data/feasibility_v0/annotations/cif/cif_0092.json,213408,32721,48e5f8a45e47096eadc2864e64eccf983e70bc4dc190f8ed36b6d3d8871525e0,b0079ba11ef4497cef467846eea36b00032aef189260f2ee38c9fa1fd4ca243b,1024,1024,JPEG,RGB,reused_identical,reused_identical,True
cif_0093,CiF-tiled,data/feasibility_v0/images/cif/cif_0093.jpg,data/feasibility_v0/annotations/cif/cif_0093.json,162534,26921,1ded02772312f6f649a9241807835e25ad05966e7ca861a0183c9b8326b6bde6,301238e8aede5cf3fa1a9b00cb66ee0ad2c83a84a18fc23a1146df8a100fad26,1024,1024,JPEG,RGB,reused_identical,reused_identical,True
cif_0094,CiF-tiled,data/feasibility_v0/images/cif/cif_0094.jpg,data/feasibility_v0/annotations/cif/cif_0094.json,111337,6543,3ac6cc4f34aaeaa939c1088fc3e553eb1bdb72ac1ee3d64e788fea124f8cad91,0c18d8594fd4e0f0dcf5d22377cd191ff930da5b80eeabf483f5b9ffe8527073,1024,1024,JPEG,RGB,reused_identical,reused_identical,True
cif_0095,CiF-tiled,data/feasibility_v0/images/cif/cif_0095.jpg,data/feasibility_v0/annotations/cif/cif_0095.json,152737,147438,3dccc246ddedc199bc076a9c1f5b704626520da00d9f386a305cbe484fd8c306,20ca08fb2e3b513e385c5fa53e0738633e0b092ee8ea8b4f955040dac6e7677b,1024,1024,JPEG,RGB,reused_identical,reused_identical,True
cif_0096,CiF-tiled,data/feasibility_v0/images/cif/cif_0096.jpg,data/feasibility_v0/annotations/cif/cif_0096.json,112729,27863,a7a5ab71870ff07dfa433f194dcb7fb0bcf71ce387394324bb845624c5f0b4c9,38a58e67a11c03e84b65a9bc02f2159b65b37887e8cb0c8d761fe45a5eaef954,1024,1024,JPEG,RGB,reused_identical,reused_identical,True
cif_0097,CiF-tiled,data/feasibility_v0/images/cif/cif_0097.jpg,data/feasibility_v0/annotations/cif/cif_0097.json,287536,7787,05ac1eddabbaba3cb5daf6c9eed06ee9eb8abb1dd58dd294e99b65d82e3b72f5,d27d0b86ad70cfc2c39c7a60cbf5faa895dae6bbfa3811238ccbc5e78bd019be,1024,1024,JPEG,RGB,reused_identical,reused_identical,True
cif_0098,CiF-tiled,data/feasibility_v0/images/cif/cif_0098.jpg,data/feasibility_v0/annotations/cif/cif_0098.json,216819,9589,41cf2c1fcbcd230677ee3424db4a4028da107243b98a61bfd2ad3c8ff1be8ccd,91f421cb82f1e7b4be04e50b8938f78d9dd23172a106698d22844b7da6d4a857,1024,1024,JPEG,RGB,reused_identical,reused_identical,True
cif_0099,CiF-tiled,data/feasibility_v0/images/cif/cif_0099.jpg,data/feasibility_v0/annotations/cif/cif_0099.json,155592,22585,0d859f5b3455cc471cbdd37dcad92f166c7d2fd91ec3804828c93941462b98cc,9b2689d6d29e754034173dec760f4d98a3deea895694ba6cf34c29e68b690bb7,1024,1024,JPEG,RGB,reused_identical,reused_identical,True
cif_0100,CiF-tiled,data/feasibility_v0/images/cif/cif_0100.jpg,data/feasibility_v0/annotations/cif/cif_0100.json,160348,39457,11f4b9ad835dc8956dfc39324597c67c048b64cbecc1b2f7d8ba5a206e8eceda,ac4214f074de10185c2cc2c01af2a5752d241f849af70625a8b06065913fef17,1024,1024,JPEG,RGB,reused_identical,reused_identical,True
cif_0101,CiF-tiled,data/feasibility_v0/images/cif/cif_0101.jpg,data/feasibility_v0/annotations/cif/cif_0101.json,183128,24132,42584fd54c9f1f7326adbf81eb610192cc73c36055a4bde0b80d5401b48d3a3f,1e661d6217b9b68c735e2e170b2f55ee5db114fc4f13361b301092dd583a0248,1024,1024,JPEG,RGB,reused_identical,reused_identical,True
cif_0102,CiF-tiled,data/feasibility_v0/images/cif/cif_0102.jpg,data/feasibility_v0/annotations/cif/cif_0102.json,136524,23817,55933a6dd869388078b00c96f4bd660d40d565eda3d8ea92f9534ef22bdc269c,619ed464713347e2e4d27d6aaf6d963df4ed6c5178d3ffb97b82afc38278398f,1024,1024,JPEG,RGB,reused_identical,reused_identical,True
cif_0103,CiF-tiled,data/feasibility_v0/images/cif/cif_0103.jpg,data/feasibility_v0/annotations/cif/cif_0103.json,93324,26966,e4b04fb0aaa2aae33bb91af72ef87722bd49b29f4be0ea8b5325906e825aa53f,6c50d495946146a5c520feab27345781072b53d246b15fb35c35dcd6d4084358,1024,1024,JPEG,RGB,reused_identical,reused_identical,True
cif_0104,CiF-tiled,data/feasibility_v0/images/cif/cif_0104.jpg,data/feasibility_v0/annotations/cif/cif_0104.json,83668,41558,159f0f161c93af781e0cba9ba9799af0f7250003e7926373ceacdd078e7cf10a,41a067df8a9b03720fa8421e05c99d7871acdda30b40866db0e79bc78e775d1e,1024,1024,JPEG,RGB,reused_identical,reused_identical,True
cif_0105,CiF-tiled,data/feasibility_v0/images/cif/cif_0105.jpg,data/feasibility_v0/annotations/cif/cif_0105.json,237362,36313,1886d3e689861585eecc9fd8f6d345f5b78a3cccfa7962cd2d0e837930bbc806,bac8146d97ee4531746a83efbf48fca916b35e1e61654d4ec8c84d60415ba2b7,1024,1024,JPEG,RGB,reused_identical,reused_identical,True
cif_0106,CiF-tiled,data/feasibility_v0/images/cif/cif_0106.jpg,data/feasibility_v0/annotations/cif/cif_0106.json,107271,3975,670fc561b33b6a27ca7defb2f995c8985073a16a56f9f472cd95348acac266e8,33e2bb5cb2d10562384db37648f7213dbb0f621d3c267fdf007cb61fec4d2c29,1024,1024,JPEG,RGB,reused_identical,reused_identical,True
cif_0107,CiF-tiled,data/feasibility_v0/images/cif/cif_0107.jpg,data/feasibility_v0/annotations/cif/cif_0107.json,81037,9169,b20729f135a7237f3d2abdc167d2d1974fe9b4c101e69448a12134fe99f9d296,3c678b25b4685b65f2e9dbf53cfe855de72aaf30c1f586f552f5f4adec7f50f5,1024,1024,JPEG,RGB,reused_identical,reused_identical,True
cif_0108,CiF-tiled,data/feasibility_v0/images/cif/cif_0108.jpg,data/feasibility_v0/annotations/cif/cif_0108.json,126684,12591,973d8457dc3cf9cf73ba19877aee6a253421acd015969985b412e546a101736f,96ee6d64fd22b454e2b9e4a1835aec957e9783c5b37158eefcbd517961712cc5,1024,1024,JPEG,RGB,reused_identical,reused_identical,True
cif_0109,CiF-tiled,data/feasibility_v0/images/cif/cif_0109.jpg,data/feasibility_v0/annotations/cif/cif_0109.json,207472,44914,fa90a6a947cd61c6be48e75ea19efe60a10c91195bf23462417baa5c7f20683a,4d98b4fb88868d8348be210703438d0faffa47f9a0121984ac4dc7d5d667dea8,1024,1024,JPEG,RGB,reused_identical,reused_identical,True
cif_0110,CiF-tiled,data/feasibility_v0/images/cif/cif_0110.jpg,data/feasibility_v0/annotations/cif/cif_0110.json,138607,20117,f1869b53c1029b757f1c005e9c5c374e3363458855145c6c1315b8c38f86a804,417b68d1504636b2c2e2ff103bc03c086e1a2545a0d504850348e9d4e70aa692,1024,1024,JPEG,RGB,reused_identical,reused_identical,True
cif_0111,CiF-tiled,data/feasibility_v0/images/cif/cif_0111.jpg,data/feasibility_v0/annotations/cif/cif_0111.json,169681,24109,3fec4de773ce50ce2dbfcec1444a8de2d15d99c37d5f25b3ee08505b8c526075,8b2a82f0eedf68d3f0eec6966b1fcda6edb95122fb57e7121f825f67df1c1463,1024,1024,JPEG,RGB,reused_identical,reused_identical,True
cif_0112,CiF-tiled,data/feasibility_v0/images/cif/cif_0112.jpg,data/feasibility_v0/annotations/cif/cif_0112.json,114076,52661,58222e10f19b1135d10f2d7826fef61f57cf3cb2c884f8481271ac3dc3fe910b,19b3c0377ac358c5dda4d9828e3f7de822bd16a882e7d003cb2bc129d204a3b0,1024,1024,JPEG,RGB,reused_identical,reused_identical,True
cif_0113,CiF-tiled,data/feasibility_v0/images/cif/cif_0113.jpg,data/feasibility_v0/annotations/cif/cif_0113.json,150306,81208,d8295b289fcca7d66e4f084b3c2a6d4dbd99f948b0c1a11cc5ea0fd2fa6416bc,70607788e16108e2629dff1c8a45a2d153209d9020e8574b0d2cef4c140ac3c9,1024,1024,JPEG,RGB,reused_identical,reused_identical,True
cif_0114,CiF-tiled,data/feasibility_v0/images/cif/cif_0114.jpg,data/feasibility_v0/annotations/cif/cif_0114.json,176862,48819,9b8d38bff2c63ba83c3b894917fae9b4df66b6d15a9f139fbbe8c06c730a044b,43014af6bf615e5ebf7b650e1c3c7ae21bddcf4363b9bb07ee20656c82a9805d,1024,1024,JPEG,RGB,reused_identical,reused_identical,True
cif_0115,CiF-tiled,data/feasibility_v0/images/cif/cif_0115.jpg,data/feasibility_v0/annotations/cif/cif_0115.json,123862,34021,656e4982f67328fb5b6158e3986b2733467cb19920220a078c5894b89091f481,749797c0d0ccd9be938523b0dd5d9db0ebb8440aa5c774984b9c9f2f8a150842,1024,1024,JPEG,RGB,reused_identical,reused_identical,True
cif_0116,CiF-tiled,data/feasibility_v0/images/cif/cif_0116.jpg,data/feasibility_v0/annotations/cif/cif_0116.json,121362,36579,acc1af01d1b7032b00b60a599076b80d440bbcabb140af5c4dfe76150bd88219,6bd09ace55c26223822f83ec80e73ba7993cad595e1ae7f9741c5f33fe3a772c,1024,1024,JPEG,RGB,reused_identical,reused_identical,True
cif_0117,CiF-tiled,data/feasibility_v0/images/cif/cif_0117.jpg,data/feasibility_v0/annotations/cif/cif_0117.json,157979,37454,d7d67a23724ea5f6503d625590f2cea14f44a92a0a1e07d51ded396de1f4f7e2,90e85914fb02d2470ae64341ba8a8bdd897905adbe0eba67a7cef3db9c45ad1c,1024,1024,JPEG,RGB,reused_identical,reused_identical,True
cif_0118,CiF-tiled,data/feasibility_v0/images/cif/cif_0118.jpg,data/feasibility_v0/annotations/cif/cif_0118.json,145311,54742,7f9b9edb7cc021e0fe049a98a4128f9701fb7f3ec52cac40d3a8224ee9c605fb,24b06f5ac5d785a0c4407ddaaaa82f370cd38bcaa88d1ccbee76eed8b03a72c6,1024,1024,JPEG,RGB,reused_identical,reused_identical,True
cif_0119,CiF-tiled,data/feasibility_v0/images/cif/cif_0119.jpg,data/feasibility_v0/annotations/cif/cif_0119.json,126755,12881,368bef5d1acf51849ca6a272bffee6e44155bcbdadd37bfc0d7f2d7a6093a4d6,0566c7920f2897cf21830d10f1790816e69901745fd2276516c6d0a947ee41ca,1024,1024,JPEG,RGB,reused_identical,reused_identical,True
cif_0120,CiF-tiled,data/feasibility_v0/images/cif/cif_0120.jpg,data/feasibility_v0/annotations/cif/cif_0120.json,198399,86035,9923645b23f9f6202bcbb302a88bc937c1b0b2b522e0e40d16ae3b5b682ba52e,d1167d62ba568fc4a6ddd7eded20d3ff69956006f00417b9a13df4ee0b3b60c5,1024,1024,JPEG,RGB,reused_identical,reused_identical,True
dacl_0001,DACL10K-v2-devphase,data/feasibility_v0/images/dacl/dacl_0001.jpg,data/feasibility_v0/annotations/dacl/dacl_0001.json,183076,20736,595ecf72ca04b38f99d1466fb6524760bfdcb723db10e4801823a385fd89813e,39fc389e93a9fe4349477109d0fc5a92a73a915e0b23f822670d55d3523426cb,1200,900,JPEG,RGB,reused_identical,reused_identical,True
dacl_0002,DACL10K-v2-devphase,data/feasibility_v0/images/dacl/dacl_0002.jpg,data/feasibility_v0/annotations/dacl/dacl_0002.json,265052,4291,2325d8b3aa38fe6c742c3dc21a7d70d270474e4c9d62f7743587afb2627c531f,2ec7f9762e9606090e07b0f5877c71b2db06a8adb46c80cf6fd47558e3b8e419,1920,1440,JPEG,RGB,reused_identical,reused_identical,True
dacl_0003,DACL10K-v2-devphase,data/feasibility_v0/images/dacl/dacl_0003.jpg,data/feasibility_v0/annotations/dacl/dacl_0003.json,946305,8954,6a626991b869f46a20e2ac5e78d311031c2cd960dac99650e4ef7cda7a25e06e,e29ec8bcdd62b76e4b078935bb6c478c82497f92bcafe90e0050db8cace4031f,3200,2400,JPEG,RGB,reused_identical,reused_identical,True
dacl_0004,DACL10K-v2-devphase,data/feasibility_v0/images/dacl/dacl_0004.jpg,data/feasibility_v0/annotations/dacl/dacl_0004.json,76023,5026,5f923183146780511e88450330371a7dcc444cd56c263fbafcfaf1aa79d8d2b9,f4b1568557723ac1819fe9759406dba1a2b39ebf9601e19a14a1849cb60e5be9,1024,685,JPEG,RGB,reused_identical,reused_identical,True
dacl_0005,DACL10K-v2-devphase,data/feasibility_v0/images/dacl/dacl_0005.jpg,data/feasibility_v0/annotations/dacl/dacl_0005.json,158553,4940,9b9503b72ccd688c1223f1d814c6e7f00598bcdba1ea7680e64cfc64f912ce7c,9986c1334e8799e0f102f4be6945173f9b0df53244b17c5729f458abd44647bf,1416,945,JPEG,RGB,reused_identical,reused_identical,True
dacl_0006,DACL10K-v2-devphase,data/feasibility_v0/images/dacl/dacl_0006.jpg,data/feasibility_v0/annotations/dacl/dacl_0006.json,169043,8015,6407703bf3f3199cbe3e391493e8012959d5393f1db51633f0a3cbb2c87dc16d,2e78be850194005a99fbf3c9de57038fd43b1b957fe997e18cb4614d9ba4f8eb,1024,682,JPEG,RGB,reused_identical,reused_identical,True
dacl_0007,DACL10K-v2-devphase,data/feasibility_v0/images/dacl/dacl_0007.jpg,data/feasibility_v0/annotations/dacl/dacl_0007.json,232936,19230,5c3bd14d1848cbd6a907e3dc9f0dc86ae1c606e1becc9ce2c044d81f6e743409,e190a14a4496efa02023130c4c4e04cea5d8c23b3745b64d291afdd3345e6775,1600,1199,JPEG,RGB,reused_identical,reused_identical,True
dacl_0008,DACL10K-v2-devphase,data/feasibility_v0/images/dacl/dacl_0008.jpg,data/feasibility_v0/annotations/dacl/dacl_0008.json,99912,8370,c9b007de2c04d20a7e92f6f3d5ca192f79b8d9aa380f5bac76bb21b298aa0240,c3df80f842ad9dc033533820b679386968f39242f5f24c3bfbcb7eaec48ed39b,1024,768,JPEG,RGB,reused_identical,reused_identical,True
dacl_0009,DACL10K-v2-devphase,data/feasibility_v0/images/dacl/dacl_0009.jpg,data/feasibility_v0/annotations/dacl/dacl_0009.json,31484,3451,8e22ed591f1011c3c91d8029665c13181570a39ad642fa948406077783b3f325,48255618907697a8aa203d31ef66e7a43b333c971d0a2447ec7f403d4d49d67e,800,600,JPEG,RGB,reused_identical,reused_identical,True
dacl_0010,DACL10K-v2-devphase,data/feasibility_v0/images/dacl/dacl_0010.jpg,data/feasibility_v0/annotations/dacl/dacl_0010.json,87690,3375,9a209f5d216022eb1f260843ff13deae3705493100752329cc0b01d9a20db791,42324984dfbf1d3b5169597893f01626c381698cd613f793b4f1e42ad871980e,1024,768,JPEG,RGB,reused_identical,reused_identical,True
dacl_0011,DACL10K-v2-devphase,data/feasibility_v0/images/dacl/dacl_0011.jpg,data/feasibility_v0/annotations/dacl/dacl_0011.json,2018704,6865,6f364bfd730785dcc832205be81f38f6bff90ce8dadcb7ab5dee41ea387261f2,d2f43c1fd003c069863f7aefa161bc45c675c978eee0bc078341e4b41457be8d,4000,3000,JPEG,RGB,reused_identical,reused_identical,True
dacl_0012,DACL10K-v2-devphase,data/feasibility_v0/images/dacl/dacl_0012.jpg,data/feasibility_v0/annotations/dacl/dacl_0012.json,137353,10660,dc4d2a4947da2479f26981fc6088e42d83fd4e4f068aee0d3534eaf54a7b875c,b18d481b543dcabe6d0ce75b3dcf01408b932982b3adc0f7a9e336c75cd55900,720,1280,JPEG,RGB,reused_identical,reused_identical,True
dacl_0013,DACL10K-v2-devphase,data/feasibility_v0/images/dacl/dacl_0013.jpg,data/feasibility_v0/annotations/dacl/dacl_0013.json,950565,2717,0d5c8eb9c57db2b28afac75f437fdc568046f3101f518ec6622d374a313abd3d,1f7ef2bfe04a04697d9575f310f7415951627cbfbd5329fe9354a56cc0badd0b,3648,2736,JPEG,RGB,reused_identical,reused_identical,True
dacl_0014,DACL10K-v2-devphase,data/feasibility_v0/images/dacl/dacl_0014.jpg,data/feasibility_v0/annotations/dacl/dacl_0014.json,222451,6412,5d5724b8d3dfc86445e15d723bf26247e86d38de93b42948a4ad8bc63179cf88,b3a61673f4df8eade83134742aa9b05d065ee94e5842d7fcccb1ae07171610e1,1224,1632,JPEG,RGB,reused_identical,reused_identical,True
dacl_0015,DACL10K-v2-devphase,data/feasibility_v0/images/dacl/dacl_0015.jpg,data/feasibility_v0/annotations/dacl/dacl_0015.json,1570829,30664,e004371920ef027383aeb00e7e64433b3bef214808cdba9bcd212d5776bea9d6,f086a37b409bd26886f068b4a9847c44013acd11c9e6de9281fba12c9ba61e8a,4000,3000,JPEG,RGB,reused_identical,reused_identical,True
dacl_0016,DACL10K-v2-devphase,data/feasibility_v0/images/dacl/dacl_0016.jpg,data/feasibility_v0/annotations/dacl/dacl_0016.json,111185,10432,431b8e00fa75ed25ce638d82c8042114a1e31ab3c57d1f60ebda242e6eb542cb,96036639ac04586802c14ab27c5be245486cb64320a5dbf7f2e80be36b43cd8c,1024,768,JPEG,RGB,reused_identical,reused_identical,True
dacl_0017,DACL10K-v2-devphase,data/feasibility_v0/images/dacl/dacl_0017.jpg,data/feasibility_v0/annotations/dacl/dacl_0017.json,463338,10994,f3cb915b23f63ef608a37258de950f8cd0468dbb87bffdfaf491dc4c9d178ec1,0f79e09129b73a413b77e540ca599bd057b558b503d48fb4309e8f89b27d3e9b,1843,1382,JPEG,RGB,reused_identical,reused_identical,True
dacl_0018,DACL10K-v2-devphase,data/feasibility_v0/images/dacl/dacl_0018.jpg,data/feasibility_v0/annotations/dacl/dacl_0018.json,1153202,6029,56e741452f7d0b78505c393f0936fb36db660b83f8137d9fdbd7ff2c73f6140f,27f74bb6053a01ac8cbac5b2cea5f3f8bf049a19967849723174ea06700dacd3,3264,2448,JPEG,RGB,reused_identical,reused_identical,True
dacl_0019,DACL10K-v2-devphase,data/feasibility_v0/images/dacl/dacl_0019.jpg,data/feasibility_v0/annotations/dacl/dacl_0019.json,608294,23050,4479875c7be29c0479edd8c5f78a24b0932d27fe5a9c7f9ebbb4092582823566,5555189cb9729cd25635f12ca293818ac932b54f283507a313bbf5bf0146446d,2560,1920,JPEG,RGB,reused_identical,reused_identical,True
dacl_0020,DACL10K-v2-devphase,data/feasibility_v0/images/dacl/dacl_0020.jpg,data/feasibility_v0/annotations/dacl/dacl_0020.json,135495,12609,2523582031033689905b1192769ada58c66d168ed2f150ae1e8a5e756a02846c,96c58e172c4b6c2d75d5af87ad04135084f07cc829c8380878832dce8bf49692,1024,768,JPEG,RGB,reused_identical,reused_identical,True
dacl_0021,DACL10K-v2-devphase,data/feasibility_v0/images/dacl/dacl_0021.jpg,data/feasibility_v0/annotations/dacl/dacl_0021.json,246671,7741,6863777f09439aa89a5619b200f918fa112dc59301721949927dfd7955538ae4,c8ab8465f6a54facd21cf6c4a446e03e336277ebe2516bb41a089ab6d80028a7,1024,768,JPEG,RGB,reused_identical,reused_identical,True
dacl_0022,DACL10K-v2-devphase,data/feasibility_v0/images/dacl/dacl_0022.jpg,data/feasibility_v0/annotations/dacl/dacl_0022.json,417860,651,d80f109832b641bf00f1ced9df3c78876fad5fe1b151897e33e762ced5bbbd20,61b654ac3afc1c8bbb7c6734502be02fa67c9c61248780f26a2f10c0b8aa8303,1600,1200,JPEG,RGB,reused_identical,reused_identical,True
dacl_0023,DACL10K-v2-devphase,data/feasibility_v0/images/dacl/dacl_0023.jpg,data/feasibility_v0/annotations/dacl/dacl_0023.json,211311,5208,8bb55cb6f9194ce86c08b3973ecbf93ad8ce741c785c738058c448344a447bd8,94861730e193867062e9731902051c74031373318bd7123af805a578d725a767,1536,1024,JPEG,RGB,reused_identical,reused_identical,True
dacl_0024,DACL10K-v2-devphase,data/feasibility_v0/images/dacl/dacl_0024.jpg,data/feasibility_v0/annotations/dacl/dacl_0024.json,415404,3340,a3ee97e4fa09e5ab59f400353ba8bd93d08cbb31195e6459646258bbc49fba24,6f3679c0a7f11a3bd84fb96b808c9dfaaef2e6116972b486c94986c0fd151c50,1920,1440,JPEG,RGB,reused_identical,reused_identical,True
dacl_0025,DACL10K-v2-devphase,data/feasibility_v0/images/dacl/dacl_0025.jpg,data/feasibility_v0/annotations/dacl/dacl_0025.json,599683,6208,ba5272dd52a1344e7e8935a6afcc1f6effd52c50e8c80782ecb8d9297db2334e,3ea8d73fbbe1d8873c854e356eecec8fea96f4a4f142c1b5c75b2786bffb82d2,2560,1920,JPEG,RGB,reused_identical,reused_identical,True
dacl_0026,DACL10K-v2-devphase,data/feasibility_v0/images/dacl/dacl_0026.jpg,data/feasibility_v0/annotations/dacl/dacl_0026.json,362748,12559,c70119cd22ff87d719bc2fd905be9f4c912b809f2d40184a58f3ce195e10fe85,4c7836090cf647c0d715da67f039aa53ad503c8b35689e7e9cb4e7331618904e,1600,1200,JPEG,RGB,reused_identical,reused_identical,True
dacl_0027,DACL10K-v2-devphase,data/feasibility_v0/images/dacl/dacl_0027.jpg,data/feasibility_v0/annotations/dacl/dacl_0027.json,164969,19308,a1880bfb91e326b80659bd102de3a86c74411ed26e5fca4a0c7b022005128f65,4440c9e7fa009ccd7e6972e693c6501e851105ef4c5b086b8822f8f1b8a510b9,1365,1024,JPEG,RGB,reused_identical,reused_identical,True
dacl_0028,DACL10K-v2-devphase,data/feasibility_v0/images/dacl/dacl_0028.jpg,data/feasibility_v0/annotations/dacl/dacl_0028.json,219602,4261,d8113dc67ce32424170a6d76f99bc69529accd11299246e6b1b9543604832fb8,07a45fa0e110613c3c6ecfd002e3900a73f7f48374834bae0030d6aadcabdff3,1843,1382,JPEG,RGB,reused_identical,reused_identical,True
dacl_0029,DACL10K-v2-devphase,data/feasibility_v0/images/dacl/dacl_0029.jpg,data/feasibility_v0/annotations/dacl/dacl_0029.json,2400739,24930,3b25fcf1fa4cd12038a73ff909b0e4bf67d94c427bf438ac71b40c62fcc292d9,79c85e799faff821c1ee7c15a914efc56fe6e7d31836cf945bac6c235f0bdb06,3920,2204,JPEG,RGB,reused_identical,reused_identical,True
dacl_0030,DACL10K-v2-devphase,data/feasibility_v0/images/dacl/dacl_0030.jpg,data/feasibility_v0/annotations/dacl/dacl_0030.json,120207,12076,f00cfdb7f217e9e64246c1c8f0898e8ce4374c29854d5714c1cb261272760d8a,09d76c845491c680bd41d2175be98220eb92b84fa48fc4f962ca9ccbc63a4c20,1024,768,JPEG,RGB,reused_identical,reused_identical,True
dacl_0031,DACL10K-v2-devphase,data/feasibility_v0/images/dacl/dacl_0031.jpg,data/feasibility_v0/annotations/dacl/dacl_0031.json,1164017,10867,a14e1d175710e244f330240b365f999cadf29fec8e0d3861eb6317b4e2137312,1c583b25c8f493b81d4905201ed7befde3dbf0d70e76bf310a23ae082071965d,4000,3000,JPEG,RGB,reused_identical,reused_identical,True
dacl_0032,DACL10K-v2-devphase,data/feasibility_v0/images/dacl/dacl_0032.jpg,data/feasibility_v0/annotations/dacl/dacl_0032.json,287582,9109,82aa821fa6c76fa0f261fcb802cc79c740faa806894b5b02bc24368f67d73d59,1c068e380b6928aa0e8578917acdda09d03a175822dc8cfc40804dd106f486d6,1920,1440,JPEG,RGB,reused_identical,reused_identical,True
dacl_0033,DACL10K-v2-devphase,data/feasibility_v0/images/dacl/dacl_0033.jpg,data/feasibility_v0/annotations/dacl/dacl_0033.json,68577,6168,a9a07a3922fe3ad5a886dd76556a8491988435f200ae495a52af25f64b65c6ae,cf10666613f5e1b0667bae9464513bfac48fece01f4c6eaf01fb5e2c594ca78f,960,720,JPEG,RGB,reused_identical,reused_identical,True
dacl_0034,DACL10K-v2-devphase,data/feasibility_v0/images/dacl/dacl_0034.jpg,data/feasibility_v0/annotations/dacl/dacl_0034.json,81861,6332,25bc6371b7de5b0e401242b040e4ade8284bbd6cb4ceeae97db5abea1bc241c0,e3a4f674c2355fa277e99c9da4bad40505cc4d5a2941f098f886a46f04143a04,1024,768,JPEG,RGB,reused_identical,reused_identical,True
dacl_0035,DACL10K-v2-devphase,data/feasibility_v0/images/dacl/dacl_0035.jpg,data/feasibility_v0/annotations/dacl/dacl_0035.json,169793,6644,902adf06bcb7f34408eba5854ed59bacfbca83f4331bb48e3035205ae0ef27b1,6646e5f61eeb991eedda94b852d8a2b65df223c7a81c30783f8f07c435ad6db3,1280,960,JPEG,RGB,reused_identical,reused_identical,True
dacl_0036,DACL10K-v2-devphase,data/feasibility_v0/images/dacl/dacl_0036.jpg,data/feasibility_v0/annotations/dacl/dacl_0036.json,43275,3194,6652cbb031e423d781668c2e95db873a8a162a68aa591ffbaab062eefc3f1299,8e4bb8521f04c8cb34c283d1297f3085c13accf6f0de2d8510b3d7635fe23db8,778,583,JPEG,RGB,reused_identical,reused_identical,True
dacl_0037,DACL10K-v2-devphase,data/feasibility_v0/images/dacl/dacl_0037.jpg,data/feasibility_v0/annotations/dacl/dacl_0037.json,123970,6531,b075e76d532a356a3a7e759f404844afe7fa20474bce8a870083b80e8af1478a,bc33e0e0a223f263feabd3b31b839711edc2b4a7a05176e3346e589c19c65046,1416,945,JPEG,RGB,reused_identical,reused_identical,True
dacl_0038,DACL10K-v2-devphase,data/feasibility_v0/images/dacl/dacl_0038.jpg,data/feasibility_v0/annotations/dacl/dacl_0038.json,342297,2694,34ea49a2c09704826148a0e600ade547e7e5d4c5ef919211b88501131e2d3c49,30b709ba6c9e6ad2a2de00d60c2f7fffad38c74c951a03214697523e180dc05b,2560,1920,JPEG,RGB,reused_identical,reused_identical,True
dacl_0039,DACL10K-v2-devphase,data/feasibility_v0/images/dacl/dacl_0039.jpg,data/feasibility_v0/annotations/dacl/dacl_0039.json,410750,4672,e899195b3e9a36d7518510aaea796715e5a94eb882193ccdfe90158f011f4813,4ca31e324085f1b9bc774ca9afc6ed8fae6770950333e1baef0e88cf509b60fa,1920,1280,JPEG,RGB,reused_identical,reused_identical,True
dacl_0040,DACL10K-v2-devphase,data/feasibility_v0/images/dacl/dacl_0040.jpg,data/feasibility_v0/annotations/dacl/dacl_0040.json,123114,3975,fde125b9ef9af7848e3a5bbfc2476bfd23ee8b69bbdeb44f6ea0c37c8d63aab7,da2ba4cd20e2edd05d18c547d66a1941ea8e493f9c4f0e2362d20d4c6af628af,1067,800,JPEG,RGB,reused_identical,reused_identical,True
dacl_0041,DACL10K-v2-devphase,data/feasibility_v0/images/dacl/dacl_0041.jpg,data/feasibility_v0/annotations/dacl/dacl_0041.json,649046,8915,007ed0957b27b9bd87dc667104846080808a30b1faf668192eb7624a795e344b,c8048401f88407736da1d1d62b09e859b2c6ed537222c1a3b612adbbef939a1f,1920,1440,JPEG,RGB,reused_identical,reused_identical,True
dacl_0042,DACL10K-v2-devphase,data/feasibility_v0/images/dacl/dacl_0042.jpg,data/feasibility_v0/annotations/dacl/dacl_0042.json,131258,8267,40aadcde72f2280d0614ea68d1c525be7aba8ae38153201e446f932c470bb219,eecb3c12da32a92ea0c67fbdfa23ff5bbf6b395eafd050c375c6e79061e45dd3,1280,1024,JPEG,RGB,reused_identical,reused_identical,True
dacl_0043,DACL10K-v2-devphase,data/feasibility_v0/images/dacl/dacl_0043.jpg,data/feasibility_v0/annotations/dacl/dacl_0043.json,128124,4627,78e5722549a4e27a994b4038dd2e3559ac913cbe723c8abfb72c1b8d8a32ef7d,5a5dbadaa2f9117b46106fe806d6e1ee9403ad3ac959ecffd9bff92aac0bc7b6,1280,960,JPEG,RGB,reused_identical,reused_identical,True
dacl_0044,DACL10K-v2-devphase,data/feasibility_v0/images/dacl/dacl_0044.jpg,data/feasibility_v0/annotations/dacl/dacl_0044.json,1030233,10056,da13762576ed7d4b6926fb89bc7f3ea9c98a74d2e4935c36c81647eed0b3c9cf,3c7e6ad3b5c8916c2af6c5599fc005c7fb6ff12631f19cea12c2080a66131984,3024,4032,JPEG,RGB,reused_identical,reused_identical,True
dacl_0045,DACL10K-v2-devphase,data/feasibility_v0/images/dacl/dacl_0045.jpg,data/feasibility_v0/annotations/dacl/dacl_0045.json,674063,7860,b19cc30ca53334339cfb5ded4d28a27697c7fae877ceac61232de278c94aa47e,48ddcba456ebbc275ef8856ef54ec1b1e465be41d2c3bbf0c1c836c7de87a48d,1920,1440,JPEG,RGB,reused_identical,reused_identical,True
dacl_0046,DACL10K-v2-devphase,data/feasibility_v0/images/dacl/dacl_0046.jpg,data/feasibility_v0/annotations/dacl/dacl_0046.json,146198,4043,781076ae89386cfdb81c207469dd68a4ce9ae84eebcd2c7107144bba22ce06d1,977dcead30ea25170f3846dd5f8613541cf1e5be37b83f91fe1f6dc8e1ed2d6d,1280,960,JPEG,RGB,reused_identical,reused_identical,True
dacl_0047,DACL10K-v2-devphase,data/feasibility_v0/images/dacl/dacl_0047.jpg,data/feasibility_v0/annotations/dacl/dacl_0047.json,47767,6132,f00887af16a9a33a9e8d565e234777b2b5474ab4f211a73375fb41b57d5f639e,aeb357c1d49b6323c3f29875ff7340493a044a4f670b39c57f5c1ea0b2e1e021,640,480,JPEG,RGB,reused_identical,reused_identical,True
dacl_0048,DACL10K-v2-devphase,data/feasibility_v0/images/dacl/dacl_0048.jpg,data/feasibility_v0/annotations/dacl/dacl_0048.json,2509844,3692,d2f9fe91fc1856f207bac7b7e5e03475d6a1fc5bf1cbf28df2e00ee1d8dcb38d,3f901b9c46eebcf22bfeca879a647cfabde2fc1aa9011a5651b93fd177d5a758,2580,3287,JPEG,RGB,reused_identical,reused_identical,True
dacl_0049,DACL10K-v2-devphase,data/feasibility_v0/images/dacl/dacl_0049.jpg,data/feasibility_v0/annotations/dacl/dacl_0049.json,144538,4231,130194329cad5b54079d9fd182d8b657c2c5f9cea95cc3ee459b9256592dcb9b,0a699235ad26427429b46233b44db51f82daaf9a2091ccf635dbdaf76379ef11,1024,768,JPEG,RGB,reused_identical,reused_identical,True
dacl_0050,DACL10K-v2-devphase,data/feasibility_v0/images/dacl/dacl_0050.jpg,data/feasibility_v0/annotations/dacl/dacl_0050.json,1621483,2223,39374fd2e65d91cd393d4dfaeb6f85d06ceaf79cf03139ed130d0b6b894e529e,7d725372314aa3805e187792bc7cf52dfb8d9d61e61feb64f61b7a8c110dfcce,3024,4032,JPEG,RGB,reused_identical,reused_identical,True
dacl_0051,DACL10K-v2-devphase,data/feasibility_v0/images/dacl/dacl_0051.jpg,data/feasibility_v0/annotations/dacl/dacl_0051.json,1450886,7679,4b52196bddd37b22803fc10e2653c79eeeec5916ff05381e7e8a65e5896b8af5,80b71f6314bf54d61aa0715d524b48402545a836968683815c503530383af1a1,3024,4032,JPEG,RGB,reused_identical,reused_identical,True
dacl_0052,DACL10K-v2-devphase,data/feasibility_v0/images/dacl/dacl_0052.jpg,data/feasibility_v0/annotations/dacl/dacl_0052.json,321667,24302,06e3fb30a3811f11d6cbacacde33e485c2aa0e8fca9fe013d48841abf425d410,d46b9aafb0a3adbc223ca5cb4ac5cccd576900c5df393faa2bbfc9b3c6ab7583,1920,1440,JPEG,RGB,reused_identical,reused_identical,True
dacl_0053,DACL10K-v2-devphase,data/feasibility_v0/images/dacl/dacl_0053.jpg,data/feasibility_v0/annotations/dacl/dacl_0053.json,970401,3662,1bbc021a1e7fb42f2c8a371e50e659bb12a3268350d7e1a4a5aceb1f55beb96d,1ccfd6a874c7b15971a655c1a0a23a6a2aab595ba312b4fb2eb65ca54b988a1a,4000,3000,JPEG,RGB,reused_identical,reused_identical,True
dacl_0054,DACL10K-v2-devphase,data/feasibility_v0/images/dacl/dacl_0054.jpg,data/feasibility_v0/annotations/dacl/dacl_0054.json,501494,3013,847e82f79300a34ac6f20fa60f50e047b50ff5b475253c1a5617cf7c8ae12282,b18a06bcad897684910a6235fda331f9ee88e301d6b2a1946f88ad6a3235d0c4,1920,1440,JPEG,RGB,reused_identical,reused_identical,True
dacl_0055,DACL10K-v2-devphase,data/feasibility_v0/images/dacl/dacl_0055.jpg,data/feasibility_v0/annotations/dacl/dacl_0055.json,462387,17301,40781d2804f8f33613123cfb5036bb372e28b69f3b380a2e6084acfce4702375,46459fa0edfbea570ddcd2f4088c072d6f6f97fccace5b6540da586df48c4693,1920,1440,JPEG,RGB,reused_identical,reused_identical,True
dacl_0056,DACL10K-v2-devphase,data/feasibility_v0/images/dacl/dacl_0056.jpg,data/feasibility_v0/annotations/dacl/dacl_0056.json,653523,4640,978e99b9fe3e3a471cc8afc983375c697854406ea8c3f6db6a8bd09fad48a025,e8f2c6aa7af976ded44610c1142e357e74380e59f9ff510abe43af9dcaad4f89,3888,2592,JPEG,RGB,reused_identical,reused_identical,True
dacl_0057,DACL10K-v2-devphase,data/feasibility_v0/images/dacl/dacl_0057.jpg,data/feasibility_v0/annotations/dacl/dacl_0057.json,125656,4263,3723dd81562419e840b92afe819674168264956207ae429e3020c3a5ca025e0a,060e65a66b972134f727d5b5431dc782e38917838ee5bf18456ea86e8ead9b7a,1280,960,JPEG,RGB,reused_identical,reused_identical,True
dacl_0058,DACL10K-v2-devphase,data/feasibility_v0/images/dacl/dacl_0058.jpg,data/feasibility_v0/annotations/dacl/dacl_0058.json,183227,5897,1c77b54d1bb5d897637c875e8adfbe1589e84fc1f980044a935ed1f8d6500bd2,fc0759c1860dbdee06b4c1d7497ea8092eca4458e2e982023da4cf58e41adc07,1152,864,JPEG,RGB,reused_identical,reused_identical,True
dacl_0059,DACL10K-v2-devphase,data/feasibility_v0/images/dacl/dacl_0059.jpg,data/feasibility_v0/annotations/dacl/dacl_0059.json,114334,6089,a57a13a1f8caa8a2cd479c80fa05ba7ef7a1fdb09f7bdea47316c8fb208b6efb,37a3fadb48eeb5a70264dc7516abc11bb9206c5b1c4d047f649848a0806aab04,1024,768,JPEG,RGB,reused_identical,reused_identical,True
dacl_0060,DACL10K-v2-devphase,data/feasibility_v0/images/dacl/dacl_0060.jpg,data/feasibility_v0/annotations/dacl/dacl_0060.json,591320,3512,da4fee60ceffff07e3c6dc1fc951c2f1eb0cdb516f605023d22e1bf9492ad71c,61a5429985be7618a03cc6e02c9f2bc36fb7ebef9435dee3742dcc0f20e25d3b,1920,1440,JPEG,RGB,reused_identical,reused_identical,True
s2ds_0001,S2DS,data/feasibility_v0/images/s2ds/s2ds_0001.png,data/feasibility_v0/annotations/s2ds/s2ds_0001.png,1412263,8683,5e0131ab2529cc7cc73fe86a5a29d37ee72c3ff09979af16fc9fc3a323ae3126,e42beb9904d171f7f83404cc2961930e76d5378a0d3ca40f3a8fce60447388be,1024,1024,PNG,RGB,reused_identical,reused_identical,True
s2ds_0002,S2DS,data/feasibility_v0/images/s2ds/s2ds_0002.png,data/feasibility_v0/annotations/s2ds/s2ds_0002.png,1438066,8315,23390864bb527dbf3282624a5ecb09727fef32fe73d3b12cb577d45994013167,358ea3b72708c548c3fcc496ccf1a1e409ddd8cf200e046272a96fe24c2aec9b,1024,1024,PNG,RGB,reused_identical,reused_identical,True
s2ds_0003,S2DS,data/feasibility_v0/images/s2ds/s2ds_0003.png,data/feasibility_v0/annotations/s2ds/s2ds_0003.png,1766985,7389,1b5e827abbbfd8917fc7c7c8fa72da5d9b2ec6401f254eccdf3856709f43d43b,46abe086a02cd190b52f5c63d24a5cb075518cb94c029c5ae8a53be7c4a409e9,1024,1024,PNG,RGB,reused_identical,reused_identical,True
s2ds_0004,S2DS,data/feasibility_v0/images/s2ds/s2ds_0004.png,data/feasibility_v0/annotations/s2ds/s2ds_0004.png,1816628,7162,dd16f901d384484412778b45effa87a37428e7e28ed7f85a61da52c7c7bd418a,0174470efc1b5b8fc5a0e9022d19627ce9eff5d5a44a0c0f9380942abd20f295,1024,1024,PNG,RGB,reused_identical,reused_identical,True
s2ds_0005,S2DS,data/feasibility_v0/images/s2ds/s2ds_0005.png,data/feasibility_v0/annotations/s2ds/s2ds_0005.png,1910032,10540,03c149715204aa60b9a262d551a794752eba5ba102405e9681bb6bcbcadc2c24,8c192d1a09b885bde5bbff15ed3bf5331c8e4fa609d22b9f601209b1b66ece7e,1024,1024,PNG,RGB,reused_identical,reused_identical,True
s2ds_0006,S2DS,data/feasibility_v0/images/s2ds/s2ds_0006.png,data/feasibility_v0/annotations/s2ds/s2ds_0006.png,1535937,8147,d56f0fac592f78a320aae8da42b07c2ac69535bd7a187b2823aa474d2ea43212,23459649d3d2b4e9c44979f5ba38e5def87ecf600f73190ddc788be73409642e,1024,1024,PNG,RGB,reused_identical,reused_identical,True
s2ds_0007,S2DS,data/feasibility_v0/images/s2ds/s2ds_0007.png,data/feasibility_v0/annotations/s2ds/s2ds_0007.png,1372449,6772,03993e7f597534b8c5aa9d8ec4e81300c37ce75ac27e5b137fd3e33309acfe5c,c2cd7ce53c8eabbab72386b61a204fba06b1c1088bc09b8e9b1a8ee73c1eec6f,1024,1024,PNG,RGB,reused_identical,reused_identical,True
s2ds_0008,S2DS,data/feasibility_v0/images/s2ds/s2ds_0008.png,data/feasibility_v0/annotations/s2ds/s2ds_0008.png,1834366,9153,c51ac2825d3a653d5124aad5efccc4f38faaf4083a139709d2350dd8398fb933,93da3c9fd8ae35af2188d3073513c4dfb992fdc0f6bd97e9b9b90dea14f381c9,1024,1024,PNG,RGB,reused_identical,reused_identical,True
s2ds_0009,S2DS,data/feasibility_v0/images/s2ds/s2ds_0009.png,data/feasibility_v0/annotations/s2ds/s2ds_0009.png,1665141,8350,e10847957cd015edbf3d1de27c7289da82052b3c67e116d68a6ad9a45d04fc86,deeaf6ed20c0e1e6248a46b050200ce1c9c2b7393663cd119318961829643872,1024,1024,PNG,RGB,reused_identical,reused_identical,True
s2ds_0010,S2DS,data/feasibility_v0/images/s2ds/s2ds_0010.png,data/feasibility_v0/annotations/s2ds/s2ds_0010.png,1780782,10363,0dd3366d31fe96f7702a3142c78739c551be662cceb860d79d872898f0505dbe,3e23cd3f77871938ebec8f4e67915e166ecd274795946218522b820b81962399,1024,1024,PNG,RGB,reused_identical,reused_identical,True
s2ds_0011,S2DS,data/feasibility_v0/images/s2ds/s2ds_0011.png,data/feasibility_v0/annotations/s2ds/s2ds_0011.png,1334298,6885,3fd5f4a12c3e328c7dc285ead3d083c6733c7604a484d8535d36ce569b340e95,5fac57f10b2edd646bbb3213eefac0e12f47b93d7d928b28b79726f632577734,1024,1024,PNG,RGB,reused_identical,reused_identical,True
s2ds_0012,S2DS,data/feasibility_v0/images/s2ds/s2ds_0012.png,data/feasibility_v0/annotations/s2ds/s2ds_0012.png,1561522,8068,b17490fb03e12ccd736afe7323e3fefdc34865e49de7f968672b9b02426fac83,089ac25a876db950ee386f44bbaa6336b48d709a11aa3a84c310c411f7befe78,1024,1024,PNG,RGB,reused_identical,reused_identical,True
s2ds_0013,S2DS,data/feasibility_v0/images/s2ds/s2ds_0013.png,data/feasibility_v0/annotations/s2ds/s2ds_0013.png,1574313,7887,6f770db64f358f59f270c452502a3b31c2bc8c2caeb29f105da2daf8d1fd346d,165f5c9182db9d4dc534c9ba3abe0d4263afa27af2e9635f6f6a6b54be961264,1024,1024,PNG,RGB,reused_identical,reused_identical,True
s2ds_0014,S2DS,data/feasibility_v0/images/s2ds/s2ds_0014.png,data/feasibility_v0/annotations/s2ds/s2ds_0014.png,1704086,10772,d0579e1f1d8df3258322cc4fcf2fa6ce3cd66c64d5ebb12c8831653671f16752,ab769adf6ef72f129eb6d9acae66ccec646eda5ea5355057255fba62254bfce8,1024,1024,PNG,RGB,reused_identical,reused_identical,True
s2ds_0015,S2DS,data/feasibility_v0/images/s2ds/s2ds_0015.png,data/feasibility_v0/annotations/s2ds/s2ds_0015.png,1565900,13074,23ea449485b5156af21511eea147b44c872ac8f3b74a74980630a74786a4b1a6,d33433eb6f8cca2c9c2a615904daa8e2d26d1e047bc80441bfd4e94a92b5d1ab,1024,1024,PNG,RGB,reused_identical,reused_identical,True
s2ds_0016,S2DS,data/feasibility_v0/images/s2ds/s2ds_0016.png,data/feasibility_v0/annotations/s2ds/s2ds_0016.png,1879952,8829,443ed7fe63abc5d50b4416397584c16b8696542825bc01f1ac089bb7c14a0916,d5dfadd7556ec19c1394c6da24ab760071ddb7d768fba2de01fe0714ebfab502,1024,1024,PNG,RGB,reused_identical,reused_identical,True
s2ds_0017,S2DS,data/feasibility_v0/images/s2ds/s2ds_0017.png,data/feasibility_v0/annotations/s2ds/s2ds_0017.png,2112825,8661,d8da92c1e50eae972bc08efc46c5f0b3b725c74185a71a60f825bc9c6da8eb36,0ce0b52b7ffea393e1d64fc284a89c56c29f58c15b2704be7d7ffccad195fd90,1024,1024,PNG,RGB,reused_identical,reused_identical,True
s2ds_0018,S2DS,data/feasibility_v0/images/s2ds/s2ds_0018.png,data/feasibility_v0/annotations/s2ds/s2ds_0018.png,1842267,8699,bf4caeaa0be2e507cc2a0799df638ec3293761fd8cbc34504167701cd3e28ac7,bba1921b70c7624920a98b450d0442c8848fba78eb76c063689e3edf2acaebe2,1024,1024,PNG,RGB,reused_identical,reused_identical,True
s2ds_0019,S2DS,data/feasibility_v0/images/s2ds/s2ds_0019.png,data/feasibility_v0/annotations/s2ds/s2ds_0019.png,1553289,8703,e19b9a7395745c1ef26c5fad535c20f2692db293bd28923afc54a30f7ec491dd,fa372e7375baac938026a24ab3a52a9ab31721294618c45d998538528b237cf4,1024,1024,PNG,RGB,reused_identical,reused_identical,True
s2ds_0020,S2DS,data/feasibility_v0/images/s2ds/s2ds_0020.png,data/feasibility_v0/annotations/s2ds/s2ds_0020.png,2019162,6875,c5bb6c8579ba71196722b2ffec9241d03d5a86544df29ea0623a9800fcf00756,a3f545b17979420e4740165cd9994e09c2e3b0d33c0ff10902a7a233562a9ef0,1024,1024,PNG,RGB,reused_identical,reused_identical,True
s2ds_0021,S2DS,data/feasibility_v0/images/s2ds/s2ds_0021.png,data/feasibility_v0/annotations/s2ds/s2ds_0021.png,1517946,7546,cdc828247d9f1df12e09453f161b1724529aaf3a0a7c4f8405458a1b5f558c25,97d8795cf813634463506848136d1742fd48106c688f467110da1f7af305748b,1024,1024,PNG,RGB,reused_identical,reused_identical,True
s2ds_0022,S2DS,data/feasibility_v0/images/s2ds/s2ds_0022.png,data/feasibility_v0/annotations/s2ds/s2ds_0022.png,1840646,6414,2c95fe6f7e05028b0d59ff01cf43ab04b60603ca72e2c6e9408d9cb0ad6fc8ec,ab0706d386294c052f321f4a08bf182026ca8a0932afe6150e29eaf4cdff3e99,1024,1024,PNG,RGB,reused_identical,reused_identical,True
s2ds_0023,S2DS,data/feasibility_v0/images/s2ds/s2ds_0023.png,data/feasibility_v0/annotations/s2ds/s2ds_0023.png,1636930,6541,c33cb5e07841f078cc46f97328429ae0536c9003dd1b5031879af107dc888ea6,788451cf8dde3ea2e3fc69c37403ac2ac8076fab0fca9c0bdec63e5074e6c4c3,1024,1024,PNG,RGB,reused_identical,reused_identical,True
s2ds_0024,S2DS,data/feasibility_v0/images/s2ds/s2ds_0024.png,data/feasibility_v0/annotations/s2ds/s2ds_0024.png,1658906,6727,9e67899ab872a7aeeb38eae60eba5916c0658b0243a1abe9a5656ea947597d9a,bee187bd0cc9ccfe899cb488a2ec0856c5eda012dcdfacfd36322d71de2ee80d,1024,1024,PNG,RGB,reused_identical,reused_identical,True
s2ds_0025,S2DS,data/feasibility_v0/images/s2ds/s2ds_0025.png,data/feasibility_v0/annotations/s2ds/s2ds_0025.png,1594447,7556,33916528481ad089da77cad6a2a50821bee2eb25360e0b48be92b7a01879aca1,b486cd403cab65fbaa3b0fb2229b0f8b6144fed7e8987d70f5a984b7589f96dc,1024,1024,PNG,RGB,reused_identical,reused_identical,True
s2ds_0026,S2DS,data/feasibility_v0/images/s2ds/s2ds_0026.png,data/feasibility_v0/annotations/s2ds/s2ds_0026.png,1917459,15085,9082fe6f2b3e1b8d618ce63d657d152cde0f91364728bd85e75fbe9bf529b015,65ff527fb492aae5de205d946b786a3b8db9e0f73ed2b31531d3e6f4f1c623f8,1024,1024,PNG,RGB,reused_identical,reused_identical,True
s2ds_0027,S2DS,data/feasibility_v0/images/s2ds/s2ds_0027.png,data/feasibility_v0/annotations/s2ds/s2ds_0027.png,1783177,8239,50d7a3845e12fa67a9170f8e1a6debf7a88552a1c8d47a217148fee5ab70037f,6ce721226d566d7e5c7626e7e47b2b8f1d77567ddad3b77b0db34c3417908d22,1024,1024,PNG,RGB,reused_identical,reused_identical,True
s2ds_0028,S2DS,data/feasibility_v0/images/s2ds/s2ds_0028.png,data/feasibility_v0/annotations/s2ds/s2ds_0028.png,1976843,13206,b62bb4318917437c45ee83229773d3a8211da0810b7f66d60705311587a4e498,4b9645dfecf6f0ab6ea364a8badea356265048666209304d9a3819726903b073,1024,1024,PNG,RGB,reused_identical,reused_identical,True
s2ds_0029,S2DS,data/feasibility_v0/images/s2ds/s2ds_0029.png,data/feasibility_v0/annotations/s2ds/s2ds_0029.png,1927460,12592,055c4e9c9a5eef53e7981a35258dcec673c8e30f4ad189905fdcdd52352c80f9,23c79e4ef196f77c43c3301b8489096b449a6e6206d04ea47f0adfa6a14cb0a1,1024,1024,PNG,RGB,reused_identical,reused_identical,True
s2ds_0030,S2DS,data/feasibility_v0/images/s2ds/s2ds_0030.png,data/feasibility_v0/annotations/s2ds/s2ds_0030.png,1675493,8477,2276fe50d707032c16937e6f3543d8b0456e9f48a6be101b0f82f6004c7d293a,6dd53b673d941a05573132da274a058572741c594208848e027f88f64f96739e,1024,1024,PNG,RGB,reused_identical,reused_identical,True
s2ds_0031,S2DS,data/feasibility_v0/images/s2ds/s2ds_0031.png,data/feasibility_v0/annotations/s2ds/s2ds_0031.png,1648346,9986,805091e167d80aa8f3656f2c6d519169ec8a6b9c121617d3908839c68da705fa,f7cf90db76403ae28c473bca5b3dfb240d5a17f523a09d281c79b155451137db,1024,1024,PNG,RGB,reused_identical,reused_identical,True
s2ds_0032,S2DS,data/feasibility_v0/images/s2ds/s2ds_0032.png,data/feasibility_v0/annotations/s2ds/s2ds_0032.png,1748272,8426,e67a0406bad6733f10303700c0876b99dd70bc20ca99f887465fd6c87b235a05,fd6718650c08097b17b7ff7dbc11721370b1f11c6fe77dd1937b86bd8935780c,1024,1024,PNG,RGB,reused_identical,reused_identical,True
s2ds_0033,S2DS,data/feasibility_v0/images/s2ds/s2ds_0033.png,data/feasibility_v0/annotations/s2ds/s2ds_0033.png,1341693,10158,15d93e40cee280c0f5f1a14352eb2e11324821c4e8c94e2f066624829db140c9,8c075daf9ca0de2d3975819206add736bf9d55ef6016799e814f73bd03fa71ed,1024,1024,PNG,RGB,reused_identical,reused_identical,True
s2ds_0034,S2DS,data/feasibility_v0/images/s2ds/s2ds_0034.png,data/feasibility_v0/annotations/s2ds/s2ds_0034.png,1550184,7666,1fedc089a5a4ac2097b67bfb4a44f415206b5abe5f4a8cdb5b28a1863abae50b,a5687e25cea6ca5ab1f418bce87a7eb8dafb8b6d10b54ce8a5a3b3ee13e56770,1024,1024,PNG,RGB,reused_identical,reused_identical,True
s2ds_0035,S2DS,data/feasibility_v0/images/s2ds/s2ds_0035.png,data/feasibility_v0/annotations/s2ds/s2ds_0035.png,1603285,8358,81458fab7b3c84a6777880f211ff215f2e9f4eadab91b7b1f93bec8250312a83,df05d9b28b5f7dae191acf4234004d7fc89f0d0c0a2e5219acac16898d44d26c,1024,1024,PNG,RGB,reused_identical,reused_identical,True
s2ds_0036,S2DS,data/feasibility_v0/images/s2ds/s2ds_0036.png,data/feasibility_v0/annotations/s2ds/s2ds_0036.png,1566043,9014,13c233f5efdda7ce95694f6b5850315a3d32fa81389842745e7d245378657840,61f71dd0d9294c6271184796f150f71caefaff4a43f1a9ec940ed273b7e16d18,1024,1024,PNG,RGB,reused_identical,reused_identical,True
s2ds_0037,S2DS,data/feasibility_v0/images/s2ds/s2ds_0037.png,data/feasibility_v0/annotations/s2ds/s2ds_0037.png,1859595,10842,ad86adcf148ab6dcda7cf174a7ad2f7308ab798f1c5ecc899197ab19f5643425,f5f0aa75c31ae33a085f4b2f020073e3ad3e51df023b44416ac1d433bdf823cd,1024,1024,PNG,RGB,reused_identical,reused_identical,True
s2ds_0038,S2DS,data/feasibility_v0/images/s2ds/s2ds_0038.png,data/feasibility_v0/annotations/s2ds/s2ds_0038.png,2239407,7960,15c87424f22f67753af436a9025a096fee0846e48600f49bbd038f6c930906b2,cbd3885b49776025595aa31dcffbb2296a7ea9cdf3d3dc862e9530a4040f4752,1024,1024,PNG,RGB,reused_identical,reused_identical,True
s2ds_0039,S2DS,data/feasibility_v0/images/s2ds/s2ds_0039.png,data/feasibility_v0/annotations/s2ds/s2ds_0039.png,1657655,13961,1640aadfa6faa7749c7291022f1fe8cca311428817c4655cfafe00a1e9d553ba,bbb1548542e0487b27712cd8804f5ddc174f44558d19f74ca43358257d56cea5,1024,1024,PNG,RGB,reused_identical,reused_identical,True
s2ds_0040,S2DS,data/feasibility_v0/images/s2ds/s2ds_0040.png,data/feasibility_v0/annotations/s2ds/s2ds_0040.png,1398701,7650,8c1e5931afbc256bc9bf960a8666d4b8eae06587959cc452df63f40d669f5db6,c1af238197d728314f23b96db88c2e49f341e0c19551758e238df9d82dd5ffe4,1024,1024,PNG,RGB,reused_identical,reused_identical,True
s2ds_0041,S2DS,data/feasibility_v0/images/s2ds/s2ds_0041.png,data/feasibility_v0/annotations/s2ds/s2ds_0041.png,2300397,7525,3ec0f4d1a41474fe01daf5f0c0dba1f1ae2128168039fcc8d64c273a13b2dcf4,5ca7d9762ed5ca5f65107bf5ca465d8ac947ae96e1c94632eafc5b552ba3f78f,1024,1024,PNG,RGB,reused_identical,reused_identical,True
s2ds_0042,S2DS,data/feasibility_v0/images/s2ds/s2ds_0042.png,data/feasibility_v0/annotations/s2ds/s2ds_0042.png,1959193,8007,ab68ec3b6582ad070fc9c422cd84782c7e746d49186858dbafcb75c35221d38c,2d65b764305f799c6f2e5113a8325e44238e1de641b5e4e6d1972be0ac5321af,1024,1024,PNG,RGB,reused_identical,reused_identical,True
s2ds_0043,S2DS,data/feasibility_v0/images/s2ds/s2ds_0043.png,data/feasibility_v0/annotations/s2ds/s2ds_0043.png,1541368,10774,085a15d55835351f2cc6795e8e4070ec81f93eed91fc8aa02ab118935f8f40c6,d5caa5fbc01cc2a5768b9cf93413acaf48b237aee07e745cd797977543864bb0,1024,1024,PNG,RGB,reused_identical,reused_identical,True
s2ds_0044,S2DS,data/feasibility_v0/images/s2ds/s2ds_0044.png,data/feasibility_v0/annotations/s2ds/s2ds_0044.png,1342646,9374,7f54d64c8d509d44074b38ca472a0ef72a5145c0f7cb009a9a8ed50fd4437b6f,c725c91deedaa6f1e5114542aa046d4efa8486ab23a699d4e8aacffd95c4bf4f,1024,1024,PNG,RGB,reused_identical,reused_identical,True
s2ds_0045,S2DS,data/feasibility_v0/images/s2ds/s2ds_0045.png,data/feasibility_v0/annotations/s2ds/s2ds_0045.png,1873553,9187,bfec599e681cb057aec197470da8e9f35dcf2a9f4f72888d48bbfdb2e7f7aea3,2465ef87407ec71458cdf92a72395a2c204af71815bc701e319bc91f1391559f,1024,1024,PNG,RGB,reused_identical,reused_identical,True
s2ds_0046,S2DS,data/feasibility_v0/images/s2ds/s2ds_0046.png,data/feasibility_v0/annotations/s2ds/s2ds_0046.png,1713969,7585,5e7902f731ea3eaf10e9e62233df11fff49454a1d4d5ee14bb1e168046c4e163,9793673c9cbfa38a67bf097b04c8bc89796479e724b77dad02470260cc3717fe,1024,1024,PNG,RGB,reused_identical,reused_identical,True
s2ds_0047,S2DS,data/feasibility_v0/images/s2ds/s2ds_0047.png,data/feasibility_v0/annotations/s2ds/s2ds_0047.png,1893025,8554,f4b08c1015b3c764961598d36a23bc2167d0e34d9f60ac8536390b01fc4ba178,efc5d54991f072fc12923257eb7a62f877cee76566082d4929bc26538fd5e899,1024,1024,PNG,RGB,reused_identical,reused_identical,True
s2ds_0048,S2DS,data/feasibility_v0/images/s2ds/s2ds_0048.png,data/feasibility_v0/annotations/s2ds/s2ds_0048.png,1872042,9892,3819b863bc90c719b478c35c02f30efd41a03e62b415e89c17cf0987adbd84c6,a3d3bdf6dc1cab7eda74aa9ba29c2ee4f6af2ae71a926fdea637fe0cb9ba1a47,1024,1024,PNG,RGB,reused_identical,reused_identical,True
s2ds_0049,S2DS,data/feasibility_v0/images/s2ds/s2ds_0049.png,data/feasibility_v0/annotations/s2ds/s2ds_0049.png,1775257,9033,30370e14c7a4901148926cabe5460fc87710d0ee3f02b100502c4d65d613f35f,7d8c90d30747772974750b743c907c018a0d9c9d870721c439ee451575246de3,1024,1024,PNG,RGB,reused_identical,reused_identical,True
s2ds_0050,S2DS,data/feasibility_v0/images/s2ds/s2ds_0050.png,data/feasibility_v0/annotations/s2ds/s2ds_0050.png,1258271,8028,c716e9bc037f0621530b108a003c427d3edd6be9b375b358535cd68b154f776f,1ba5b202fdfb82551bba326791a48a27796f6b1fce95d92b680084c57b32241c,1024,1024,PNG,RGB,reused_identical,reused_identical,True
s2ds_0051,S2DS,data/feasibility_v0/images/s2ds/s2ds_0051.png,data/feasibility_v0/annotations/s2ds/s2ds_0051.png,1505441,7450,4a432755420fb891d5bf3ed18380bc1df41135dbc23855b5b5d1fbb39a4e31c4,8989a64412981f03a548f89a1065b25281d962f7d123a958cdf7e8c8383d9018,1024,1024,PNG,RGB,reused_identical,reused_identical,True
s2ds_0052,S2DS,data/feasibility_v0/images/s2ds/s2ds_0052.png,data/feasibility_v0/annotations/s2ds/s2ds_0052.png,1421010,11685,faad2ca0f0a0d17621373ee55629f999f029160f2218b9b7cf0a4afac050ae71,6db3cee2dc369bd4fa33b5e9240da6538f593ed6259d3ba6478be3b79c0af104,1024,1024,PNG,RGB,reused_identical,reused_identical,True
s2ds_0053,S2DS,data/feasibility_v0/images/s2ds/s2ds_0053.png,data/feasibility_v0/annotations/s2ds/s2ds_0053.png,1817505,7200,9720030f9f2d443a8a94391f12276766171df1cb5af71cf9a28f8daee3d333f2,200810bf07b9d155d15b3a6b7c3bb5ae271be733d5b79fbedde9089a1f72ce33,1024,1024,PNG,RGB,reused_identical,reused_identical,True
s2ds_0054,S2DS,data/feasibility_v0/images/s2ds/s2ds_0054.png,data/feasibility_v0/annotations/s2ds/s2ds_0054.png,1548399,8120,24057f639435a4a8c9d695a1598960b45696496a69fd175bfa845c46db409fc3,8dde65a116792df2e48a1884a25ae9bcfd98c745d6f9f47d94203e500ea680ef,1024,1024,PNG,RGB,reused_identical,reused_identical,True
s2ds_0055,S2DS,data/feasibility_v0/images/s2ds/s2ds_0055.png,data/feasibility_v0/annotations/s2ds/s2ds_0055.png,1504899,7426,ebb7e753236ccb8e956280f9270211813e3087ec2af3994ebe781e52e131ccae,48f7d994f8b54adfde8f4045b99737305e77832c4189dd7577ed781006fde6f8,1024,1024,PNG,RGB,reused_identical,reused_identical,True
s2ds_0056,S2DS,data/feasibility_v0/images/s2ds/s2ds_0056.png,data/feasibility_v0/annotations/s2ds/s2ds_0056.png,1900934,10059,b4f79055ecd46300ee2a27bae3e00dfaba514165c6260c085c64a71fd2a49d02,d3563e4f8923173459235b0408c6b35a84d4e0659bf9a0eac52ab6d131edb3d4,1024,1024,PNG,RGB,reused_identical,reused_identical,True
s2ds_0057,S2DS,data/feasibility_v0/images/s2ds/s2ds_0057.png,data/feasibility_v0/annotations/s2ds/s2ds_0057.png,2171318,8473,d6236e0fef0974e02dbe6bd7bb9aa595cafa113885fb5e6b90e36de3212961a8,cee6979cdad84ba2f56dbf095c370adb25f9ab38e2049553c6f0f861eed25e59,1024,1024,PNG,RGB,reused_identical,reused_identical,True
s2ds_0058,S2DS,data/feasibility_v0/images/s2ds/s2ds_0058.png,data/feasibility_v0/annotations/s2ds/s2ds_0058.png,1592995,7076,944f76d2ed1884fd8c8903ea6225456808cfdb2a6b020883225463679c5317e0,a5890fc070cf12ef5133eeb14d54eb91b2c5cfe6b369a614374f2fdded6490d8,1024,1024,PNG,RGB,reused_identical,reused_identical,True
s2ds_0059,S2DS,data/feasibility_v0/images/s2ds/s2ds_0059.png,data/feasibility_v0/annotations/s2ds/s2ds_0059.png,1406900,7628,4b2073dd2d34a6838036f8f33a46b4ffe809df25e0813aa92aac1182eda5e6d1,b0a38f8dbba0f62f0f6cd22c8c192c97348111bfce753b23e3ee3ef08a7bc3a2,1024,1024,PNG,RGB,reused_identical,reused_identical,True
s2ds_0060,S2DS,data/feasibility_v0/images/s2ds/s2ds_0060.png,data/feasibility_v0/annotations/s2ds/s2ds_0060.png,2414614,15216,c1c6c1d614baea725db6531252e6214b1b1159b410787eb9d0b33cda1d19ac16,ee4f89d1f24837e4b70e242aa131780ff118b626f70573f605fb15a7e6f4ba01,1024,1024,PNG,RGB,reused_identical,reused_identical,True
s2ds_0061,S2DS,data/feasibility_v0/images/s2ds/s2ds_0061.png,data/feasibility_v0/annotations/s2ds/s2ds_0061.png,1837136,9084,7cf9e44c39bc09c44e732e97ea1527c82076fe8f6e42466ebb54b3ae01ea5bde,c417f2022dec63b622ed443f54c2508b17106fa1e9c1c7b831bf6eba00cb7fc7,1024,1024,PNG,RGB,reused_identical,reused_identical,True
s2ds_0062,S2DS,data/feasibility_v0/images/s2ds/s2ds_0062.png,data/feasibility_v0/annotations/s2ds/s2ds_0062.png,1981661,9851,aa69e4a42179ad566546aa1807bde117343a0033c697089c544983a11db1d251,51b04177033e51b508652c04529340d76d4c0ada3ed6d9b3297609044f83f4d3,1024,1024,PNG,RGB,reused_identical,reused_identical,True
s2ds_0063,S2DS,data/feasibility_v0/images/s2ds/s2ds_0063.png,data/feasibility_v0/annotations/s2ds/s2ds_0063.png,1633859,7905,8644029db6496daa8490d36ab38d5075c2852c415acd85f2dfae414c3d87eb4a,4de53d2cec4f58684ef9c9e26ee30a51c34255c4532295cbcafcb36fedfeb586,1024,1024,PNG,RGB,reused_identical,reused_identical,True
s2ds_0064,S2DS,data/feasibility_v0/images/s2ds/s2ds_0064.png,data/feasibility_v0/annotations/s2ds/s2ds_0064.png,1822722,7833,af9b7fa906515bf72eb004064a6b02f03399285d054e13f8f0896879977e1d9f,5fc44a5861de049a1bdd229c55d9ff3df3de0b1077bd2e3bc964cff08e0d650e,1024,1024,PNG,RGB,reused_identical,reused_identical,True
s2ds_0065,S2DS,data/feasibility_v0/images/s2ds/s2ds_0065.png,data/feasibility_v0/annotations/s2ds/s2ds_0065.png,1697284,8594,1a7a2f23640453b6fcc5406c68fc0a35da608eddf4e10602e88f2113f831a76d,9af199f5c0a0ffec3a1d0968c71426282e429155e26851d82f50384380c5f873,1024,1024,PNG,RGB,reused_identical,reused_identical,True
s2ds_0066,S2DS,data/feasibility_v0/images/s2ds/s2ds_0066.png,data/feasibility_v0/annotations/s2ds/s2ds_0066.png,1946036,7648,83dc869112d49e86746f06b21a7e4dfe49a2b3e6dccb3fd1c3029140f7bc3854,5f8b142d3dda828b795e700b29cec9e7ecd7f51426d9a039acda758993b81079,1024,1024,PNG,RGB,reused_identical,reused_identical,True
s2ds_0067,S2DS,data/feasibility_v0/images/s2ds/s2ds_0067.png,data/feasibility_v0/annotations/s2ds/s2ds_0067.png,1834648,7855,091a55ea71feab3a49545d83ca2261bf704bef4fdb8f6879039161a42d9d4353,6e094dfdfe6a6d74cc6607b50b460575fad1cb820a98d9325ce25629e4750861,1024,1024,PNG,RGB,reused_identical,reused_identical,True
s2ds_0068,S2DS,data/feasibility_v0/images/s2ds/s2ds_0068.png,data/feasibility_v0/annotations/s2ds/s2ds_0068.png,1951841,8025,3d290357e04e6b01e959ad747a0ffa6173a3097fee12baec69c03f92845ca21a,da3e656ade1bf59f6f7cdd71c1e85234e85fa4fd95a66c41560bca291d832d4a,1024,1024,PNG,RGB,reused_identical,reused_identical,True
s2ds_0069,S2DS,data/feasibility_v0/images/s2ds/s2ds_0069.png,data/feasibility_v0/annotations/s2ds/s2ds_0069.png,1456640,9298,218e1005c8a252b0c74ca47699a5dacf6a63c17aac13ae100bdf6cfa018b0377,c5faee3082f66a80f2d48dab50f0bd74c0f2421a84160052f1f9cf64cd9fd539,1024,1024,PNG,RGB,reused_identical,reused_identical,True
s2ds_0070,S2DS,data/feasibility_v0/images/s2ds/s2ds_0070.png,data/feasibility_v0/annotations/s2ds/s2ds_0070.png,1788560,7486,69d57ea392ae92f1ac7e58f67c162caf53e2c3b0c385bcd92a709f7420627d86,e13da2534b90056b381da33d1524587fd452ee2727f3cdba553ba5f1c4f85a8f,1024,1024,PNG,RGB,reused_identical,reused_identical,True
s2ds_0071,S2DS,data/feasibility_v0/images/s2ds/s2ds_0071.png,data/feasibility_v0/annotations/s2ds/s2ds_0071.png,1364871,8015,8360b365d1cf90bdfe4edc834f783af880853ea6e6fae64254f68b7c5bfb534d,26af03c550b5bdf73975d3e9a404f512545fd28043e61a2a8eddbedb7d332fce,1024,1024,PNG,RGB,reused_identical,reused_identical,True
s2ds_0072,S2DS,data/feasibility_v0/images/s2ds/s2ds_0072.png,data/feasibility_v0/annotations/s2ds/s2ds_0072.png,1435848,9408,57aa82d776c998f2a0e809866468c9df0147364366f08579dd22c7321e894304,053907e07c24fd6c3a7a91dd54c30e454ec0161fec95daafdf4dec7ff77bb31b,1024,1024,PNG,RGB,reused_identical,reused_identical,True
s2ds_0073,S2DS,data/feasibility_v0/images/s2ds/s2ds_0073.png,data/feasibility_v0/annotations/s2ds/s2ds_0073.png,1517897,8823,d47b2f845ac35e2edbb81026051709adc6da9e938eb986ee13e11c7af3c108f8,7cb23912efc0058e94afe18ec17fef104d436e61892f90cbde85dc15cebd7e9c,1024,1024,PNG,RGB,reused_identical,reused_identical,True
s2ds_0074,S2DS,data/feasibility_v0/images/s2ds/s2ds_0074.png,data/feasibility_v0/annotations/s2ds/s2ds_0074.png,1784189,7115,9ea2a31b6a8eb857c05d40ee026923ac9a5af4453d5ae64436bc178e1e929d92,6b4da8ae9503717095f35c8c7b83509b0fb30aa6d142bb5baeb20ec825267918,1024,1024,PNG,RGB,reused_identical,reused_identical,True
s2ds_0075,S2DS,data/feasibility_v0/images/s2ds/s2ds_0075.png,data/feasibility_v0/annotations/s2ds/s2ds_0075.png,1589962,7571,9fc9c52a855b6be627fe5dacb0b28f107c55ef819b35d3e8653bb799f6d8e8d3,1844a3b623b105371e0640a7707fe05cda29c9406b4675e7e5de139e3b78bd9b,1024,1024,PNG,RGB,reused_identical,reused_identical,True
s2ds_0076,S2DS,data/feasibility_v0/images/s2ds/s2ds_0076.png,data/feasibility_v0/annotations/s2ds/s2ds_0076.png,1656151,8434,04030f43b4215df9d8571a7dd4739109974ebd536bd21cf115bdda9926fbf66d,cf0488e132271554b5174d6f2448c7607307a1c35c6996f27086807877708890,1024,1024,PNG,RGB,reused_identical,reused_identical,True
s2ds_0077,S2DS,data/feasibility_v0/images/s2ds/s2ds_0077.png,data/feasibility_v0/annotations/s2ds/s2ds_0077.png,1662161,15743,c957394189c48103f528e2d2ec3df8c4b0c64ad28ad7f88f9ea8c3c6445a24b5,d81b1db0aa151371fbc6154d91003394ff4306cfd0c3de0ff3d1cb9149f93ad5,1024,1024,PNG,RGB,reused_identical,reused_identical,True
s2ds_0078,S2DS,data/feasibility_v0/images/s2ds/s2ds_0078.png,data/feasibility_v0/annotations/s2ds/s2ds_0078.png,1890211,8002,2cbc6b1b1c269e53c9caebac134a8d10460ce144a2cdfc1dd0e3c884030de8a2,8e0b7ee1ba492b59a80f1cbcdee703c50bd3c56c08ff5922494dac7d2328ca82,1024,1024,PNG,RGB,reused_identical,reused_identical,True
s2ds_0079,S2DS,data/feasibility_v0/images/s2ds/s2ds_0079.png,data/feasibility_v0/annotations/s2ds/s2ds_0079.png,1710036,7212,d1278fee28f25e0d81c85b019c7aaf457cedaa30ae11af23f6f5175fd4ee7529,98eb09251629764dc0fd4bae95fb80c9cf5ca9cf6ab8cbb51b30fdf90a4cb679,1024,1024,PNG,RGB,reused_identical,reused_identical,True
s2ds_0080,S2DS,data/feasibility_v0/images/s2ds/s2ds_0080.png,data/feasibility_v0/annotations/s2ds/s2ds_0080.png,1617159,18891,e41965599d949022c4fdad26d00be38b05cca5bb20acd1c1e3277259c1a62ec5,f47d6fee79cd5c9c827a50e92d372e7fbf48a98fd60a832192ec363432de1ef3,1024,1024,PNG,RGB,reused_identical,reused_identical,True
uav75_0001,UAV75,data/feasibility_v0/images/uav75/uav75_0001.jpg,data/feasibility_v0/annotations/uav75/uav75_0001.png,204355,17811,0e7df432c1f5486d082a78dd3ef9b36115613155913cd977f2c429f6b35f770f,0325d54ef48fee90a6f9b087bf2a72231bf1068d0a221aa2f65b0aa79fc656a5,512,512,JPEG,RGB,reused_identical,reused_identical,True
uav75_0002,UAV75,data/feasibility_v0/images/uav75/uav75_0002.jpg,data/feasibility_v0/annotations/uav75/uav75_0002.png,209689,15459,56ebbdad2a2c46689f21b3ebcbc85efb1266e379c655683e42717e5f94922d3f,420d445bca14855a22598d43978e36ca632c562907797cc2a457e26358c627d9,512,512,JPEG,RGB,reused_identical,reused_identical,True
uav75_0003,UAV75,data/feasibility_v0/images/uav75/uav75_0003.jpg,data/feasibility_v0/annotations/uav75/uav75_0003.png,213872,17711,32367bb576c3212ed30dfd38459b47ac08f971816dabedf87d86f2d96678614c,552f84dbe2cd50a560573f76af84173a045af1a46dfd352f89cd32e83254a11e,512,512,JPEG,RGB,reused_identical,reused_identical,True
uav75_0004,UAV75,data/feasibility_v0/images/uav75/uav75_0004.jpg,data/feasibility_v0/annotations/uav75/uav75_0004.png,221556,17957,c3089a546f2dea76376a27ab98a970c1ac8a83551b0ad1e4ecda45e20522dab0,7efbf479614a89ec56f102b1764f321c85029b1ee592bcd473042478d37026e4,512,512,JPEG,RGB,reused_identical,reused_identical,True
uav75_0005,UAV75,data/feasibility_v0/images/uav75/uav75_0005.jpg,data/feasibility_v0/annotations/uav75/uav75_0005.png,175796,17273,d62a1cea4d6fa608e40a1035947ff88fba99d6f8536e70c96782277de2ad38ab,9bb44f2de4940b10d23b3de03e542ad37ada4e7727c59b3309f5abdb34e9956a,512,512,JPEG,RGB,reused_identical,reused_identical,True
uav75_0006,UAV75,data/feasibility_v0/images/uav75/uav75_0006.jpg,data/feasibility_v0/annotations/uav75/uav75_0006.png,186796,16662,5718eb6b30d7b5c7a4214fa352a2fb8503ab11f3a3e1c4c4a413902cef2a8270,246fcfadd4e1e6a3713f4f4f5dedc1fc96419927a536cf086859f66862e0c499,512,512,JPEG,RGB,reused_identical,reused_identical,True
uav75_0007,UAV75,data/feasibility_v0/images/uav75/uav75_0007.jpg,data/feasibility_v0/annotations/uav75/uav75_0007.png,165259,16750,cfc1eb145d5ec80812258dadb2787a0f6e353b547314adc281ae13deaa37a7ac,80860fc5a556e30348e37d01b6ec5b2dd3339ad299100bbdfa2962ede5597c07,512,512,JPEG,RGB,reused_identical,reused_identical,True
uav75_0008,UAV75,data/feasibility_v0/images/uav75/uav75_0008.jpg,data/feasibility_v0/annotations/uav75/uav75_0008.png,206996,16539,b863cc42a23a0003b25ea319bc4d7b5b7024dde1f41c7ca668b04ba617717d65,55a4db458284271d791c7356485364009fa106cf8be99c6442fef82631aa4b73,512,512,JPEG,RGB,reused_identical,reused_identical,True
uav75_0009,UAV75,data/feasibility_v0/images/uav75/uav75_0009.jpg,data/feasibility_v0/annotations/uav75/uav75_0009.png,195231,17714,61a2cd14978f8f78ab53d661da8e1495ea895cd1d539ea8d53bef9bcef613057,a5243b131083aca109034267d0f189ca7af6c019094471f820b8315c3f67820c,512,512,JPEG,RGB,reused_identical,reused_identical,True
uav75_0010,UAV75,data/feasibility_v0/images/uav75/uav75_0010.jpg,data/feasibility_v0/annotations/uav75/uav75_0010.png,213371,17803,eb02ce3e06e347984acbe8926e01e69b5c229e7e6b1c472cb9a8f8ccb20d0a4b,8ecf8d4dfd5e2e298ac4cad7be3b936f6c18a6d1406c5cfa74d721cbb1a07f18,512,512,JPEG,RGB,reused_identical,reused_identical,True
uav75_0011,UAV75,data/feasibility_v0/images/uav75/uav75_0011.jpg,data/feasibility_v0/annotations/uav75/uav75_0011.png,178608,19242,2ddf8fe4c1a9049014f4efd148d58dee10832a0c7bf7deb801c2d5631ff68800,63f32d7c170572afe1196c6f2dda019d48e5e852e40d99119a7108bfdef9035a,512,512,JPEG,RGB,reused_identical,reused_identical,True
uav75_0012,UAV75,data/feasibility_v0/images/uav75/uav75_0012.jpg,data/feasibility_v0/annotations/uav75/uav75_0012.png,212513,17558,82a40bf4fdbea1f3b0460d09d3422314e629b573a825768cb0ca1c959542e45c,18b8f9dbcb0d0c569fbe84271b9ae1ad4098737476c9366f4025104dd7144654,512,512,JPEG,RGB,reused_identical,reused_identical,True
uav75_0013,UAV75,data/feasibility_v0/images/uav75/uav75_0013.jpg,data/feasibility_v0/annotations/uav75/uav75_0013.png,184139,17721,a57751ed64f28d6fca319f67f7200af6c3077882091872ad97bf3a981d71617e,e3c30d139bde9a55ab04c678686cc0dc874e7ada2412166dcaa7470e135d9c28,512,512,JPEG,RGB,reused_identical,reused_identical,True
uav75_0014,UAV75,data/feasibility_v0/images/uav75/uav75_0014.jpg,data/feasibility_v0/annotations/uav75/uav75_0014.png,199963,16377,1389ed9a0251cf94b35c2af4e30e3cd796a2dea1df1949958b13d49304a35206,90d90fab5c6553c2ebeda4067ad4a6cc9a4de9fc4033919c5d5deb1a3b6fe356,512,512,JPEG,RGB,reused_identical,reused_identical,True
uav75_0015,UAV75,data/feasibility_v0/images/uav75/uav75_0015.jpg,data/feasibility_v0/annotations/uav75/uav75_0015.png,203512,18702,d1660a87dd300c98a55b3948b3af8545e7b90b89ca2db5d3318f354b7a75889e,249d286357b71fb7816f93a4fdaf8713d4e7fc3263893633434bd7385d326bdd,512,512,JPEG,RGB,reused_identical,reused_identical,True
uav75_0016,UAV75,data/feasibility_v0/images/uav75/uav75_0016.jpg,data/feasibility_v0/annotations/uav75/uav75_0016.png,187671,17739,f0614ef9cd29421f376885550c44a58cc45b7850529a442234fd0cb4356832cd,c86b00cafa2d67b23d2fa4b418d1b03582a5b08250e48e1fb44664046017c251,512,512,JPEG,RGB,reused_identical,reused_identical,True
uav75_0017,UAV75,data/feasibility_v0/images/uav75/uav75_0017.jpg,data/feasibility_v0/annotations/uav75/uav75_0017.png,184668,6861,77e285935ee25f3ef2734da9fec2464e2405992a2f27bbdc1b4028d828a48671,c3330aba4343e126c24dde67ded697b4d9dc7a3e5204bfbea2ce44bddcdd733f,512,512,JPEG,RGB,reused_identical,reused_identical,True
uav75_0018,UAV75,data/feasibility_v0/images/uav75/uav75_0018.jpg,data/feasibility_v0/annotations/uav75/uav75_0018.png,210164,16097,9271ef79d3fe61bab619abf0cd11184088a51f33a0d13367d32a0ea79ccc1e0e,d65328832d2bc3401b5017d4deb643dc7f2e25aff3ff5e203c1a714437e410be,512,512,JPEG,RGB,reused_identical,reused_identical,True
uav75_0019,UAV75,data/feasibility_v0/images/uav75/uav75_0019.jpg,data/feasibility_v0/annotations/uav75/uav75_0019.png,198992,18091,6ed70390451d025644ec56678d559a1d24c8025ed88395e32b6a9a5a169a3ee6,351483a6fb6d114a7512679c2b58db860979461fe103b1112060af0e5ad315ea,512,512,JPEG,RGB,reused_identical,reused_identical,True
uav75_0020,UAV75,data/feasibility_v0/images/uav75/uav75_0020.jpg,data/feasibility_v0/annotations/uav75/uav75_0020.png,201562,19668,4870144e9d5efd9fc89b906a9dc2228d2026fc67b15d20aa0efd68288a792746,ca0f2a57c085fcf93b2dcd597f67d3d8c058fc4707cbf757a0508549ab9ac0f6,512,512,JPEG,RGB,reused_identical,reused_identical,True
uav75_0021,UAV75,data/feasibility_v0/images/uav75/uav75_0021.jpg,data/feasibility_v0/annotations/uav75/uav75_0021.png,232613,7355,9c7e3bbd5b18e53311bee3d3caac2b419c695b54eef54faeb3429383a666388b,cb1d23019ae7b6d145f57d59c8edf08c064a1bbfe566a1345d0708cce67f1f54,512,512,JPEG,RGB,reused_identical,reused_identical,True
uav75_0022,UAV75,data/feasibility_v0/images/uav75/uav75_0022.jpg,data/feasibility_v0/annotations/uav75/uav75_0022.png,204844,18259,39a4fcaf4dac8914882ee077382a7650eec6c811461ba9a32cff2b8301a92ced,614a985e587a058f62f64169d63179cd6de300b923a49f5557c7f503f81288b1,512,512,JPEG,RGB,reused_identical,reused_identical,True
uav75_0023,UAV75,data/feasibility_v0/images/uav75/uav75_0023.jpg,data/feasibility_v0/annotations/uav75/uav75_0023.png,169450,17326,795f4fbe340b966aa907248099ecdce0edf14716b8be3f5384410a917aa8d233,ee65cf12a71b9fd0ae2e2d193c93fa6f46c51536f9573b72513404c6fc06cceb,512,512,JPEG,RGB,reused_identical,reused_identical,True
uav75_0024,UAV75,data/feasibility_v0/images/uav75/uav75_0024.jpg,data/feasibility_v0/annotations/uav75/uav75_0024.png,198295,5385,a4e74ae3224724e46e3a2629ed0076a7f32ce3df5599aa9a95c60cef680d77bd,13b275b2dc13b46330ceea3ae0243d8721d9ef74df558435531569dac7d89488,512,512,JPEG,RGB,reused_identical,reused_identical,True
uav75_0025,UAV75,data/feasibility_v0/images/uav75/uav75_0025.jpg,data/feasibility_v0/annotations/uav75/uav75_0025.png,187179,18300,2840b1202fb5bdd224d1c16776e8c81e5f96a866aa4146c030b9abb12c4b5236,579c52fe24990570eca15ac73abb924d95b23fe2d57850781d9819bfc0580162,512,512,JPEG,RGB,reused_identical,reused_identical,True
uav75_0026,UAV75,data/feasibility_v0/images/uav75/uav75_0026.jpg,data/feasibility_v0/annotations/uav75/uav75_0026.png,169733,17996,f595336fdcc78921b775201abc2abc620373dfe5ed9669555fb41e8758495eb4,4a0ad22d939463e426dba0819a2f554c0de651b415163229e49858d13df3c9e4,512,512,JPEG,RGB,reused_identical,reused_identical,True
uav75_0027,UAV75,data/feasibility_v0/images/uav75/uav75_0027.jpg,data/feasibility_v0/annotations/uav75/uav75_0027.png,155379,16271,525fa11becd0a385c5a93280b6506b5deea3e05f4f227538ec461d3c417a9d52,02c06ced0fa6303f17e4cb9759f230a9b234fbbe7f4a8f41b9fb083f572cca7c,512,512,JPEG,RGB,reused_identical,reused_identical,True
uav75_0028,UAV75,data/feasibility_v0/images/uav75/uav75_0028.jpg,data/feasibility_v0/annotations/uav75/uav75_0028.png,172474,7658,036edfbff44854d5e2863b520fb57befe0afd0554afd7abd304fa47128bfc748,9fde8b182755a0395aa67fc70beb5a6601b403d9be19321e7d3ac39b025aa47b,512,512,JPEG,RGB,reused_identical,reused_identical,True
uav75_0029,UAV75,data/feasibility_v0/images/uav75/uav75_0029.jpg,data/feasibility_v0/annotations/uav75/uav75_0029.png,217282,8565,2864aada096aef8d8fca4a2fe35bb1baa9d5ed1b90b41689872b4d7c62a25d00,fb7f071818e1e06065907dbf1f3237e4d5f4666b75ab62dbea4c42b6bcd0372b,512,512,JPEG,RGB,reused_identical,reused_identical,True
uav75_0030,UAV75,data/feasibility_v0/images/uav75/uav75_0030.jpg,data/feasibility_v0/annotations/uav75/uav75_0030.png,231158,18598,7020110a8a6ff634ae4acde89fd66608cc73c57f7677adf728b3b08309573a53,b68793af9e3c05f6d654d1655741ebe1d46d4b3b1fb01af78639d527b8ffff2e,512,512,JPEG,RGB,reused_identical,reused_identical,True
uav75_0031,UAV75,data/feasibility_v0/images/uav75/uav75_0031.jpg,data/feasibility_v0/annotations/uav75/uav75_0031.png,205760,7272,0da974ca9a12d9c3f4c44f9e78f9fff6707d54f146e5065e445c3c8cbdf15617,419bff4fe4813c74f166deee56e16566545dfc0243075ca21c761f136d763f4c,512,512,JPEG,RGB,reused_identical,reused_identical,True
uav75_0032,UAV75,data/feasibility_v0/images/uav75/uav75_0032.jpg,data/feasibility_v0/annotations/uav75/uav75_0032.png,174540,18055,dfc7a3967707cab547bac5ea847c2a139aa03d32432cea5e948cef18795e0722,a2d34f79f5fa73b30802dfc8d0bdfa2d9b17e5821df22408628794ded3ae520d,512,512,JPEG,RGB,reused_identical,reused_identical,True
uav75_0033,UAV75,data/feasibility_v0/images/uav75/uav75_0033.jpg,data/feasibility_v0/annotations/uav75/uav75_0033.png,229751,17027,c2d4e8d780531c7d29460c989661c4a233a7a550ef737d1585c7542ff85cddc2,2724b5bc8081a7f4d3e98e2e81813625bfeaa6651b97846c9f235c768e375f24,512,512,JPEG,RGB,reused_identical,reused_identical,True
uav75_0034,UAV75,data/feasibility_v0/images/uav75/uav75_0034.jpg,data/feasibility_v0/annotations/uav75/uav75_0034.png,175162,18321,2af0e3f1cc078009887508f4feacb129b2121e1924dc7986b3cdd4ce0b2ef2a9,ecd68abb60bfeec82084871a87faa7095309d39f6d0c4cf309a5ccc1e7fdc164,512,512,JPEG,RGB,reused_identical,reused_identical,True
uav75_0035,UAV75,data/feasibility_v0/images/uav75/uav75_0035.jpg,data/feasibility_v0/annotations/uav75/uav75_0035.png,180977,17344,0ee1d930d4b79c273a12e78c251e014bfa7542a400266f2e9a3925d3fc327024,f33cf4609958b4cd28d65e826a560a46cfd3bd7ccd2865f2c28aa12ddcfbc876,512,512,JPEG,RGB,reused_identical,reused_identical,True
uav75_0036,UAV75,data/feasibility_v0/images/uav75/uav75_0036.jpg,data/feasibility_v0/annotations/uav75/uav75_0036.png,175585,16399,c10b8b766cde71175748b5f79f1ef85a2440abb576a9c622bb17a79c6d6d1c26,75d287643a4505e9df258c7531c13d6c7e5ae197f914e9a31e6a7e8c6acbb273,512,512,JPEG,RGB,reused_identical,reused_identical,True
uav75_0037,UAV75,data/feasibility_v0/images/uav75/uav75_0037.jpg,data/feasibility_v0/annotations/uav75/uav75_0037.png,156236,16730,8eafbaecf754c31c44aa509b07616f984a4c349693bc56d715b90c6cb28bcb7a,2f867c09f0c8b0dfb99e210f040674eaeb59d686905766acf16b31fe92981827,512,512,JPEG,RGB,reused_identical,reused_identical,True
uav75_0038,UAV75,data/feasibility_v0/images/uav75/uav75_0038.jpg,data/feasibility_v0/annotations/uav75/uav75_0038.png,172546,19700,2176aba3b1754180575e081bac01dd8ec6e69d24dd4f4fdac8137a7a0238cc0a,4b01b7d39e3cfd315f1f829df59326069410a950f47bbb2d30576b0a3ea2b96a,512,512,JPEG,RGB,reused_identical,reused_identical,True
uav75_0039,UAV75,data/feasibility_v0/images/uav75/uav75_0039.jpg,data/feasibility_v0/annotations/uav75/uav75_0039.png,187109,16989,5772f08fa45093ff42925b976fcec0131c8bc77823f0fc396a863b225a652c76,ebd2239a130812bf909cace5cfdc212569b4f2e3ef64192203913c477e744b01,512,512,JPEG,RGB,reused_identical,reused_identical,True
uav75_0040,UAV75,data/feasibility_v0/images/uav75/uav75_0040.jpg,data/feasibility_v0/annotations/uav75/uav75_0040.png,204463,14456,7824136149fb6787c3e6952257adb77cd978fe4cae69849ccda30535a300bf28,6d74f74fd98faa9ca3783c8204c931f37d2189d07e48bc6ea006a22a38b0faea,512,512,JPEG,RGB,reused_identical,reused_identical,True
